{"version":248,"hash":{"type":"Buffer","data":"pJNV1Ob6lo75ge4c8++v65ZvF/ctCjsbQ4nx+9vam7DY7OdxdCyBFrfjRvPV+fbJXaXDc55NSuDJNqznudnni910KdWDNDDH+L7LgQxA6+FxS39eD2HeLNVm82rhQW1V8Qs5A0hD3jRMC1JKUMGSpwOIRdl2UHM9oZlCApbaEqA="},"indexValueMap":{"AOvQVXgDSkDB1RpgmR5cQpd0CvM+N9FXceXXKn5IDZg=":{"valueMac":{"type":"Buffer","data":"kuoWiobqpPjGBT5tnjUiCX0xAU80+OQ7BTbCWQNqGLw="}},"AUBDb8wtbIHyNG+jHTh7RC15l7oGW1VyTwPzySqNu0Q=":{"valueMac":{"type":"Buffer","data":"BeD3M9EAyGiJXCT4rLbkL+1ubOv3/ZMn1JDJKJk2mu4="}},"Abee34N4DpHqRcgZUix4eVsN4gZxPwYKnuIQu3tUGps=":{"valueMac":{"type":"Buffer","data":"tMtOGGj9fipG+qdPjqqaOTLLrfH5YkbAYN0j5w25/I8="}},"AfwiDtJUGusdlp/QkQbVBmfqQ9ZIKZXUvDYm+LaSTv0=":{"valueMac":{"type":"Buffer","data":"bxxy3SpzU6qvWryx/4dS97HPn05DU8vG8VOI62IChWI="}},"BAxdfhJI7XROzSJcjKzwcXE4ruXmxz85SmLck2R8Jfg=":{"valueMac":{"type":"Buffer","data":"AMFcgrxx4n8Qgss9uRnS1cO+x5u2Bp8ef5HChG81YdU="}},"BEuMA8JmH34w/RI1sT1XMy84MwE96jx/RUvYvryR5cI=":{"valueMac":{"type":"Buffer","data":"wJpBw5ZBlGcIEaEQhVg6tghv5XgWG/6KgqKIz7qJZgw="}},"BJoNseI/hXNOfv2lGS7Or/uTRQ2/d7HAFGoc62LN0Bo=":{"valueMac":{"type":"Buffer","data":"PkTZT4nUpmb3rjH38t/6QsEF5BKzkgVHiDpGURBJKtE="}},"BVnNBxJGrUoTkeP+aHYIcSjpUPD32Lqr1945RPLVaEE=":{"valueMac":{"type":"Buffer","data":"HG2ZfY50cPVetaW8pdmuLn+FzqDz0/lPG7eT3BKmGJM="}},"BkGQ5Eo4QA6DYlC1fhVI+As0EkfBf/bqwgJNtkPr7EE=":{"valueMac":{"type":"Buffer","data":"HewyIZE6WH9Kjv5izD4K120/GF8PpejTzP633Om4eFo="}},"CHwtyFhphFC2ffdFz5mUGvtHjfdC8d2a/Q7WeGGrlZ0=":{"valueMac":{"type":"Buffer","data":"xIvkANCV0kZgWe1q1A7I4swDIhE5IDgaUrVR+Smbzt0="}},"CKAWU7MrkWrcFPggfscqO83fQdp21FqQ6LSRHV0iMSw=":{"valueMac":{"type":"Buffer","data":"YHX4Y6cKBlaKixJUY0V9Olv4Mckq8Hg/++h+8YjuKOk="}},"CRjbLYkW5v9i3syzc6ETU88iGoO2f+rpw00Ld9kT0w8=":{"valueMac":{"type":"Buffer","data":"gPX80QVUl94OCbeL9Lfl9q7lYrEFqJI30Z/g4e1q7HE="}},"CwTQAL0lR1hJB8la10uRaGMXsC/1x2bw8m60vN6Je7E=":{"valueMac":{"type":"Buffer","data":"n7zp3CBDeQbfkuyQ58DIR7JdwK+ZPi0u88RO+YHMh7A="}},"DXHhPfAWdI2MmmU9FTW2zS//vAP6xYOzHTlOV6Q7GK8=":{"valueMac":{"type":"Buffer","data":"AEhmRS5MYSiTQrwYQ0Y14PluDUhH2WBpCUglb97Hrfk="}},"ECV2/Pfmm4f8HyIx+6Xk/Y1zrXkU49/yxy7mTqrfJBE=":{"valueMac":{"type":"Buffer","data":"Yxpk0WIok+oeOkR7bfjBOA4QmyiaGlM1rZAWyoNUdlg="}},"EOrH2gvxpPwZVadppInCOo9XrFmwN9/4BReL/j2h7Ts=":{"valueMac":{"type":"Buffer","data":"L+OaNKyYgC9WcIqdeXNeD3Dk190ahRFEtuBCo/PzJxw="}},"EPxSl5dEOQxhwNUO7JQptCJ/ZCDkr3i6hXEhYXsux3Y=":{"valueMac":{"type":"Buffer","data":"/ZDKxNSQL2NxdzGO8VJ+TQSrVn8gl4YrRj9F+35uV38="}},"EUlzTlA/SKkzIgDcCAANAWCwdrjS5Rnq1s5O0/lnKU8=":{"valueMac":{"type":"Buffer","data":"Cn1BGVJijTHa2/JtuudWHZbKyeKu/J4efXQwxmwPdUU="}},"EfShZ8y2+c2s0d+lMb7o29QKvGRv41dQnny2QaDXeeg=":{"valueMac":{"type":"Buffer","data":"oYc9tkpU8SdxHbTuVLMQvGmI99Aa9B7xPdUfiRo9h0w="}},"Ej7gcnI2Dqy/xXG0DZlOMZfdP66HwLBfqjnVnKoeQ4Y=":{"valueMac":{"type":"Buffer","data":"UqVEK5QP55TXbhvYcPeRLhJMc12oMcE5k8uuVYOXroE="}},"EpIA+e25Hf8WVo9scgI3JNegiLfW6bSnJWpaDC4Vn1A=":{"valueMac":{"type":"Buffer","data":"y9DUgAiEZf8jqsC0Jseifm8IMjebZa5cT/NfUv2CGLw="}},"EtSAmO2kefZtFiBPaWquznwmx3cXntRglGOf0KUFlLw=":{"valueMac":{"type":"Buffer","data":"0Tpyr3zy9kB3Cs9X3OkRrDPXSwEyCtguphkDjUunYkk="}},"E9o1y0rztjTzezWLfU8nl0W9xw0ZNFmYixa8WuxpeRs=":{"valueMac":{"type":"Buffer","data":"+Z63MtS0GW7WZsz12lUnZFnHYjk4Zea8UYObkbc0UeE="}},"FEEuN7pHaHWoFDbQgCVrc7Nr0Qwp+RO4ay6xxmtJqCo=":{"valueMac":{"type":"Buffer","data":"v3zy5ofPosRu5JCx/PrjwUrCyOzG4nHwSKHdP4AQ/sI="}},"FaGnOboiJp2qd8Ect9/eIcc7YSbQxT6tU0Hv2DNWAUs=":{"valueMac":{"type":"Buffer","data":"beeSG2+Tzb7D/QtGLHRkGpprCb7DTXpfJ3zn4aOJi6E="}},"FbvBcjGVplYWzMIiyVxbVZBr1veum1M3ExhmFdqSBb8=":{"valueMac":{"type":"Buffer","data":"h2HNEXQQgrJ4r9riS9+62ZZmHVSPltW6ycGj1C2dWfI="}},"FoV1Jli6Sf0D1sDcRZ2r0PtmDEV1LPCD7xxpQFteBbY=":{"valueMac":{"type":"Buffer","data":"LML6VmAncpSGkAnTjUOJyCtlYEFw0k/O1cQKWbmzYHg="}},"FrOfvMMwFUJaBdVWtYYR/uvIaBVp/mZVnovOK9hNQpw=":{"valueMac":{"type":"Buffer","data":"XQsO+vAWEseLbGyBPgxXu1LvG9Pz0KvuXDnNFGGA/Ro="}},"F8w5Ao+MDPCH4evD+g254dOCV0/PcyqjeA1AwOFQFBg=":{"valueMac":{"type":"Buffer","data":"QqtKcVgFJCmjqKbxeQ5DDapPa9cxpEXSs86IDvAFihQ="}},"GAA5puePY5UHpHYCdHks0C6NEu9yyaiFL2OkXLHjEBw=":{"valueMac":{"type":"Buffer","data":"+eU+EUVk/tH0sCoBy18M+f8jDZvBQ2heYzc2mW1XkzA="}},"GJP5YV32uD+FjhE0R5LEo2V33tcVMLLDUPuf82tth10=":{"valueMac":{"type":"Buffer","data":"Ylk+QFe0wrFgQXFXYIRzNLjo3UeZ6Fio7bbKzIoE7E4="}},"GRkf+4wgZulrvn8zeC/VVm/W/cfr1zUOyenj6t2CEAw=":{"valueMac":{"type":"Buffer","data":"sy8lc1zM+WYfDjEOhno0C+JpnfST0i3ZhOnMLywzDB8="}},"Gci/Bi0PxFqFgYE8inKXlu9RuR5wrCi2MJi6hw7kZWY=":{"valueMac":{"type":"Buffer","data":"bs8hPZcMEYYd9qyLiqIEHkla23MD0t4ASZMmQDkN/cc="}},"GdVR04i4OhZNFxtIfGVMlJS+P7WAj1WnQHvub3rBy7Y=":{"valueMac":{"type":"Buffer","data":"ih2nElDX3Y7E5LZD2MZ1xIgBERENiHR9iPwPqctmT3Q="}},"GfxM3S7TWGZ8EQpIpVC7vfB6O0jePIXpqZiQ5/fKVQw=":{"valueMac":{"type":"Buffer","data":"r5WI1CYPQr0giGFISGWyz394diWcx1uvs4LH2c1uRxg="}},"Gi8jpQlFcvLOS6Lofx9uA544Wpo6z0ItRCnNoLk7yHw=":{"valueMac":{"type":"Buffer","data":"EGYvYNhM8vly2T88otBH6LGWClAHWgm5PJ8vz0XxvFs="}},"G0si1iB9Su4QmWfDQgAqXa0iRCfuPL3kkgrIJDga2uY=":{"valueMac":{"type":"Buffer","data":"98wO/xXXJZGbFjKckepDGZqcGVdYlkWIu7fGB7aqKYA="}},"HLytZWo4IcMXSeRNcdBvK+VGtJhc4CVvivrE8bmhouM=":{"valueMac":{"type":"Buffer","data":"2UIraQiSL6A2o8FK9YKGNlc6NK8xsqOQP0ESko47wwQ="}},"HZrkG5xVnOkmkpCn2y8N3t9Wx/Q6gnsUg6wCdAMXuNQ=":{"valueMac":{"type":"Buffer","data":"3NFq8l/RboU56/0eC95u7hTPNzNP1bG+qSPHIWsz9Qo="}},"Hb/w8wEuGTX7O5vTiLIFhU1pkERL7j/EcXh5tVzVG+g=":{"valueMac":{"type":"Buffer","data":"Pmmcfx1B0XXv22w+w0JYphZWPtR7yEloaBg8zyBQtP4="}},"HsVW08uxP+rWDyWXOy/UbIgqpx1r6OmD++pXMIec7TQ=":{"valueMac":{"type":"Buffer","data":"lqEyrI/CshzbBrT6g/JnygqjFVeO7skVDb9oXllmnSI="}},"H74PZOM6FnSjBmukC684D/i6ZvjNCZJjHDzMgWQEhms=":{"valueMac":{"type":"Buffer","data":"y8Z2h6Ug6irgmUAfaNy6wRSRv9JmDgJ8vKkUBH7CQcg="}},"H8zd+cL1NMtFrcf+JemH24460HKH43jQA27L5J+NYxk=":{"valueMac":{"type":"Buffer","data":"tCHu8DiSFTqxKmsMBZV6RW7StKpddyBEOMlSA/dLefA="}},"ICDx3Ba8Xbjxa9/RV+UE5UIjIGQGFHmAUHQ+xMxZGPg=":{"valueMac":{"type":"Buffer","data":"mtxO2/JF3TB2LlIIXP3YU+O3fGEUXIlBkaZ/H76EJIg="}},"ID0vEvi0I/4uieS9yu7vlOb5N2c/P48nqqLLFRfy1Ro=":{"valueMac":{"type":"Buffer","data":"e1ZwKjBsCOB+QPgnahB856qNXiWd+QQL6A7BrG9UxoY="}},"IaOgQxtFY5HTrpBfUMOgwvDnxIMmfX/krX+2wmpGJ9w=":{"valueMac":{"type":"Buffer","data":"sbk8q5DOkP1NuJ5nUAWHVfGC0kp9CWO6DrUdFtp0/G4="}},"ImR+yarD/bOR3oJd/Oy+urWDXIdyaV1XV+gooyZWBzI=":{"valueMac":{"type":"Buffer","data":"51ZvhzfqTbCARE0RuO+7NU06Af+E4vtzIOlIbafoyn0="}},"Iv+wSuCIx2tojkHLTcLCy4G+Noa4azaHfJf+g9gbnUg=":{"valueMac":{"type":"Buffer","data":"aUakvA633swdsNRm6UBzINhf0Wk429s3GzzuMOCSaFU="}},"I2rV556/fGWruPorhlSEyl/r0MCA1/sbhci06w8IuBo=":{"valueMac":{"type":"Buffer","data":"6bEEoHVY83g5WK8dkowP1mIB40laxIe5dZeLUYkiMd8="}},"I2ynyfm2vc/GEm/2M8hdiUxXSn24ez4QLnOTWG+EahQ=":{"valueMac":{"type":"Buffer","data":"MjDjupNhnZ/pEqKPA3uMt6OitWoAWswMZIfIvh+SMEA="}},"JI7/vBr8MXOulWpgSvdHzN5YTGeGSfd6HiRWEAIrXfc=":{"valueMac":{"type":"Buffer","data":"xF2W0QKwMui5nIQ8S3sx+uUTaa6hp284BKAHv3B+mQE="}},"JNV47Dld7L51UMyVYJtY8dPOxN4KYegc0HaqrWOcCG0=":{"valueMac":{"type":"Buffer","data":"lMLpZeiZl3eY/Fh8K/DFZmDHsbw3vSM6y9SKRpAktIY="}},"JO6FUTO87ahnv0t68GIVwYqHS6wUcupmSgKgIEh5Uw0=":{"valueMac":{"type":"Buffer","data":"gd4PHL7mhSepnk2r/M347zPKFvsV9Rc836YPiz9GgzE="}},"JXYqlshfvU8x2Puuu7syQQ6mLlinm2B/h9Ln44XximY=":{"valueMac":{"type":"Buffer","data":"3blOUYKpMqhP+JLhWyXhDeYC40br1m+Xr5r50jwtp0s="}},"JhxD0SChe41zn49VNA91qqSTgP6w7VP9mtf4UcUanqw=":{"valueMac":{"type":"Buffer","data":"pz0OFlzwcPpBJJBEO0hg/iRqLchXloGLlS7ExhfNmuA="}},"JlZ/nAxe5r9nO8qZ3dcYN1WcBp360/GlrQG66RLva2k=":{"valueMac":{"type":"Buffer","data":"yI+rLPRYMx2NvRgBNrYAhVsRMIu1I7qvFF1Vsv7omkA="}},"JzRV4hsjbDIpzMP9D/JBcr2JcqenGjqgwc+nOWaT220=":{"valueMac":{"type":"Buffer","data":"qYXkFZ+0pE3Id3eqHIi4L2Okx92VmjT/4a2TzySvpEA="}},"Jzns2c7FhBt+ARdoMAa7/svwAtp6+U3fFz2bW2aQsCM=":{"valueMac":{"type":"Buffer","data":"LmLo3uJagRo596MKNDd9TkM4Ok6DFb06xxwrwzpdLUo="}},"J3GR1Z8+qSDGr+vhlOjYihaoYFkOYevYYzVqriWRJk4=":{"valueMac":{"type":"Buffer","data":"G7lsxMn8dOQrILHnq0rl4ktNvxIkGYAardnFZVWxIbY="}},"KCkhitNc44MnDYws/XE/FUtWrFJmr+cnSg3TEY7GsiU=":{"valueMac":{"type":"Buffer","data":"0o3Dk3uMdPG15TNU7Y8W980uav7SrAg3Up0cT/ALBBY="}},"KKveXuuDr1X6KfVjpWBnoXnrype5Yw9+ke/oX2yMo2A=":{"valueMac":{"type":"Buffer","data":"diBU0nB1ja2P0Y3wBsT0hjjpuHeXbkFf9MfQ1QbdekE="}},"KY1Ks8y8SaAB9riEBmDYmLwxonfWFt5LVnc/2yWkoOo=":{"valueMac":{"type":"Buffer","data":"lPlSFnFPhqdvYrgAkrgc5yLNGG8/+HMDGA5Oy5CE4C0="}},"KdatFXrUQlFqPDaEz7OqpSVi94nWb5PfJOPJLMdVBXM=":{"valueMac":{"type":"Buffer","data":"mcIhdRAoq4iVskAUsWCODGdiIxQJCXXedmYa9TyyEGk="}},"KlpMUFZd8tNIbBZW1i7qLCamUTkAFXh3CCPvhhzDXyw=":{"valueMac":{"type":"Buffer","data":"0ex1YFJdxTJVAirN71ZI2YCiXjGDOcu3UFsaCpJ3pDk="}},"K6sWG4o8ZOyggqvcaac/B5OgAsvVd+H8K0mbglnAbyA=":{"valueMac":{"type":"Buffer","data":"b72TIuzlopKw0Xoy1Ye+vcuI/It2q5rm65Pr3ge2cbk="}},"LMqUkczQ0wIxzwTkk+xbDVzXM/sIwBMe3mR1y44yMwY=":{"valueMac":{"type":"Buffer","data":"YeKJMEXTZcMbbvovd4OWrhPTLMQxJGjTeFXI0QSO9Ck="}},"LR2YCqOtBmmLnNyuLrNPU3fhLmkFZ9Bs2olFcFZFT9I=":{"valueMac":{"type":"Buffer","data":"V639bmfN5w4vtI28mkUKhPCBTtAiQNsZrUPa+sDzfLg="}},"LXPfRmVdMLFQDnIWydpCjoEahljYaO+EZWNmLieXx5A=":{"valueMac":{"type":"Buffer","data":"F3HG3vHZtzRHVrwabgT2tNiH+Q9EzMcVzuFlxEaiVTA="}},"LaiWtVhhYmojO7whYk+e9NAX+VQSb5DZGArqS5+IKIw=":{"valueMac":{"type":"Buffer","data":"zsHv7YGV0hsBnvelLHZjEiNakkUkP15/TmqRDMJUi28="}},"LdKYg2CAznWj6/6iFNkNTX3Q8kygFaMBKV8F/MIfSIM=":{"valueMac":{"type":"Buffer","data":"th2z7E3kuEqOFiGwzesv+Omj5xDyMl2zcIRViFSZB9Q="}},"LgyzDqoR/KRqONdjzu+6pOn0BhvDJolD4T2XzEIomo0=":{"valueMac":{"type":"Buffer","data":"430deD7W9clxqR5a9eNM1Fklu0rnSfWi4hGX2E2rY64="}},"L393Cfwv8ZDAkDfmLq0ZxN/Yricfx493gwQPa1BjZwU=":{"valueMac":{"type":"Buffer","data":"CC/cXR9VtbxL59FVgKIultvF3nLXZKa56zObR3BYsQg="}},"L/HSIjLcZlwOp7TBt4mjU8bUTWl7pYtP1Ji+kwUeMLE=":{"valueMac":{"type":"Buffer","data":"yOndwqy2pOuYt0Xy6C9s478JLJyuAxi9/8zmdnnlQmg="}},"MJY9y2hLq0VyO89aCmZP3v4EcRS3FjLspDc0ZwGiZqc=":{"valueMac":{"type":"Buffer","data":"FTSj9Y4U9GwkBD7HwVX1uX/UDz4V0zlRPSfcExhBZ54="}},"MLl/5UModSJFKgfZv7t8NbAWtVgUjkJN0NkDKd2UMrQ=":{"valueMac":{"type":"Buffer","data":"NoHH2LbMfXdegzFVPjmWhDtmoJ6mDKKzB9AeFEeUfEg="}},"MexpP8JyM6zFNwMTEpqmJ2AurVy89lmTmwyw/Y8ceZY=":{"valueMac":{"type":"Buffer","data":"HzE7tD0lECnmCRVu0egXnBuF1SLFe8pT/KysNmetvmM="}},"MnKdHMDUhAcAzIDQX9wh/lF+GjnascOTmcSNhszUk4U=":{"valueMac":{"type":"Buffer","data":"yhhv1/OKECahVIolsxWF41I4QrrsAmY2ofo/ttohLyg="}},"M363Q3oiJTeBtx4K6Tl9CApyeFHs1k+diujskzDT8HU=":{"valueMac":{"type":"Buffer","data":"kl9/GmJ+GXIgKkG+eLMlT1I6mENIduKAQp17DN2aIBw="}},"NTew7b4oMPpg3o0YuZosAw+kGBnzZv88GwNOcVZtY68=":{"valueMac":{"type":"Buffer","data":"36ur1OV3dPeEUbbACZalkK+DQLq3NqPk8FykEVmEVw8="}},"NXJ9dPYvXnj/7ERTHzCdEWvMvyO2TgUMnP1i44zUP6M=":{"valueMac":{"type":"Buffer","data":"ariLwRYUculM/5o7Tow1KvgkJ22VPGcX5xKHYYKDwEU="}},"NfSAO07vfLCbjr2Vj66gVO/IoK608dc7Z1aqKLncDM0=":{"valueMac":{"type":"Buffer","data":"WJqb3LaB2d9a/sNAtvahGsr9WSVp1mFZPUkOtIKsta8="}},"NkQIQdLuap4mw6pA+1vQAvsIGoXD0RUUdFxqz5PnB00=":{"valueMac":{"type":"Buffer","data":"dcUZR4+iJGS5vURpZRq3PHXLtNuULP+Q37m1ZoZClTs="}},"NpCC0Ed5eIAsqUhUrWt/78Dvccr5bDo/JuGjD5CvepE=":{"valueMac":{"type":"Buffer","data":"Nt8RaF4Vh7kn6cgZo/3pdVM5GBu0FYCzrtLjEo9C8Fg="}},"N/JEraeLzjw9k/aQR1rjVHi1R4g0hGyOcBf8WNYYcNg=":{"valueMac":{"type":"Buffer","data":"j5qhMfbyZNo7rtHLze0RrtSn8wgPiQwWq7s96BLGMCU="}},"OHjqMaZpbLmmpeJafIC2zTaifrlG5IvvOEsSgQoBuUQ=":{"valueMac":{"type":"Buffer","data":"7piaHxRPG0skkMnHcvsmKldq+lLWuuUhwXgk5GCyY1w="}},"OjYk3CItfrUXEWndMkVpteZK864Ok3Dal0yLc5pjLtA=":{"valueMac":{"type":"Buffer","data":"J3Z2uS0ffrgH0zNylBBzdbDpb+U05fKKoCBD4ug7RMo="}},"Oxkqm/AwvG04GAcUTQnvsWbRjtE0FKE0Eu1voKvd8Ww=":{"valueMac":{"type":"Buffer","data":"Auxf6hHikUSbSY8gy5gyXTmtDdu0uokvM0UIWV8R9zY="}},"OyLyHeFhxIxBTnjC2rM+zd4Y6EMFIKMG+uTX/evi0Tk=":{"valueMac":{"type":"Buffer","data":"UI7GeQJfJLTgMk/m/oL+jiERe59HZhkj72jWjeGgI00="}},"PDKx3G5Jl8jE7gUSbPsjeyfwObFoeqHM8StQ4HSlJOQ=":{"valueMac":{"type":"Buffer","data":"ri20ps6XGqogtr02WZckjzptVIDzDDXtc6ioMyW41fw="}},"PNUOUppabW53z8/D1+SAZFxfwi0dHgVLZqQgpDv9wP0=":{"valueMac":{"type":"Buffer","data":"OvYtevD+7TDgd7forp6RzAOd+kLpDGD2Xm1qA5h7QS8="}},"PTRpKyFkFHhvHt3Yle1Zm9Xm4fp9aHSCEOpkE1HKl9U=":{"valueMac":{"type":"Buffer","data":"cVOU8WKypDyNcrpM1DdvXSbP3R6RzMHpG+xEf0EgWaQ="}},"PX1NPg15z6FWpx1539TP0hfBcCbTYh3TLJFKQfOhy+o=":{"valueMac":{"type":"Buffer","data":"8DgKPqmaQFe1U54VpsaPOkc6yi62gGqV3FKLfmjdtdI="}},"Pq6CAwSHEFxec0O/1QGeLPlIk2xPpaiV7vPDh3erIKc=":{"valueMac":{"type":"Buffer","data":"44CCapuzAfL6+iEDQhYGIPypMbjMDV9J7aoOi6XwlBM="}},"PtPJDETJG+PygODOJuvByEPYF5nUW+CW1ZjuSaz3a78=":{"valueMac":{"type":"Buffer","data":"7ucJ8yHXx/s4mpUBa72y8zvssaegBY5HV2w4dU+/ePw="}},"P9DRvwaFNJo6rTl1PHI8v54v8EVwgSHvMa648QX8+W8=":{"valueMac":{"type":"Buffer","data":"Tp+Zyrqh3ekSGZSRl3i+vuyJrxWlCu1eeWUYwDyQmB4="}},"QFoMshgsEstEhZ930vnlJbrgBWQOBlMaXqgb7G8JiX4=":{"valueMac":{"type":"Buffer","data":"2yk0f646BO7/dke3qdEClrQ2ozlt/srqs8Y00x/ncLg="}},"QRDlhFIBVzIawi+dG3OeKgqUCRtImaEMvTbaKm5CED8=":{"valueMac":{"type":"Buffer","data":"lWXEkQbG5WKMUJC+MC6/4qC3aD4c9jOkEIQ5PKWduV0="}},"QfAlY3luF/6likdcgSaFfDHJh5KAU2283XE7TN9ZfUg=":{"valueMac":{"type":"Buffer","data":"ivtxWDJ36mD4J+Gp7X+oZ0TX85B+x81wqKwMLJsog6s="}},"Qomb630jmmdW1H2GDETCNwtrmr0IrKELHll1NrxzF0g=":{"valueMac":{"type":"Buffer","data":"I6c4vFzpxbGWildesT+fMXXvw/RkDX8msXrx0WAbpDk="}},"QwaAbz881Qng5bcfVOo4ZnQF22iCgTR+HsKTJPKPC50=":{"valueMac":{"type":"Buffer","data":"gmEaigKJEi5uNl5QEvyzqZkyOZ25QzjOFFKcSPv+CGg="}},"Q/SgQCZgr+NX37J8qxoeVHcw5iZWoDPK66w48GCCOHM=":{"valueMac":{"type":"Buffer","data":"fB49qyhZtFnNV/uSAjV3F2oTMYlAEoHBFH0PRTGYa6s="}},"RCHV5Ymk4K981eT95nkAq6z0R+D4qHlBxi/AA2PZr40=":{"valueMac":{"type":"Buffer","data":"J8KxxnkhNXD4Xh0Hct7QoN5YibWle04VULIu5SA1HV8="}},"RD+ed3qbFQmmdYkOtoB/6OUNbEvMyp0FwgZjvZp1MuQ=":{"valueMac":{"type":"Buffer","data":"Sv4tGjIoHTi383V6Sl6++5vKKOQk8JHgyLNKImVWFH4="}},"RMbzT7bf2uG2UIDNjuH7IeaMEpuPfomrE2Esx9l0F7E=":{"valueMac":{"type":"Buffer","data":"eSDcJ5Utdwq9nrjabGSKpHr5gv0JaG0jV6qSCsnrej0="}},"RUCFfghElGxnax7BvMCP16A1oRZZpaGeNwnvbsqIJgU=":{"valueMac":{"type":"Buffer","data":"qxqwmAMExDVpcQVvhNBpTUQ5lJfo0Z75zIRqTwsvtmg="}},"RiyFr+JghwQtId3cCBeYAU3Fs3n3+gy0pI0QHzHJjWU=":{"valueMac":{"type":"Buffer","data":"KHLt+9Fidmx482wWckp4h2FM7yvEqU6BMuAPelVk+bA="}},"RlfCzw24VghUXmozNbOWXI8NbmDYUqolKQsqKqDXEag=":{"valueMac":{"type":"Buffer","data":"1kw9W0TOzHgK1a9qbfLcdAE8cjLRfh8UGPcgh2ZSogA="}},"R0acOewBIjadbwSu03cVYzLsJjAIh3FWbgrqIWpjk9s=":{"valueMac":{"type":"Buffer","data":"M7YqA/zgfrup5eN7NF91drwnSCmxIc8nvaQ5Fbg765E="}},"R4Y/uCHqTDNn9S3YfLPhjWB9l6gpqSeGu6LysRgJrtI=":{"valueMac":{"type":"Buffer","data":"Q5upuMFsDr5FWvgVLtiw6I6KFmh7XAHOnOXRJnbcRK0="}},"SPQo0bH5AIb5KDFcRuAFpwLCG48V+XfC3u/HwIveHFY=":{"valueMac":{"type":"Buffer","data":"2Kic3/Rn7gY5vAId05s6VhPo87VIFy2AJys6E/ztuDY="}},"STvM5fW7pzlYZReyoArdNvXY6z+1dyOMHpleOJPG1os=":{"valueMac":{"type":"Buffer","data":"Ri9wNwXTBEmXZQO7CcgrOB5NehPC19ZKFlAfgOSH0R8="}},"SdH4NfjHhHACZK7qgrLsAw2SI2NzMlSX6tnFnPiUm9U=":{"valueMac":{"type":"Buffer","data":"u0oqljuoeUIQsfLtTq8OSmj0ipWqrpXcfJl+qTsrRbM="}},"SjwR6AB9AE1VXzozlKT8djcUYf0/EkrC0wPhKMNsqjA=":{"valueMac":{"type":"Buffer","data":"MR05eo928jDprX7mV/S47a2t7oEV0fA/2tAwno2a5Yg="}},"Sk/cGPBUAqwpPW1faHg84vYo/mD9gV/EdBOaF1RQOkc=":{"valueMac":{"type":"Buffer","data":"/dBMWUqRMQNTHxdkRDpDhi6B2oPUVYsw7Rby9LPcVt8="}},"SnTZqGOt90zVvG4eeqwXjmFlmMY8W3U8/VDMCjg6bG4=":{"valueMac":{"type":"Buffer","data":"/DK+e3pxphP4+dzeimrnXK+RbYtHpjeyfkFDzE5k4ig="}},"SuhsIhVgVehjYgWL8ApmKS5+Lhv8IdotJXHo8w+R9Xk=":{"valueMac":{"type":"Buffer","data":"cDhKEyPQfxVfRPBaHw2KhYWJYQO18me4HvrJP0MxvbA="}},"S0q6u+dh5XqAVw0Q6WSEq3Qg4qDvMv9peE73sK3SrwU=":{"valueMac":{"type":"Buffer","data":"vfOicnxzpy4Ph/OSjyQ9/SK6NqfODIvpaV9jrmCih2Y="}},"S2wcIEXIosaUS5J9KEjM3vwigyv+CH55K7NRTp7nSK8=":{"valueMac":{"type":"Buffer","data":"AM9ZqrKb9YcqeOkp0zG1tR8qXKTrB8QW1UJ7Q2pxdSE="}},"S/ow4RvcvTawQxkBtry2HHBJ1bVurrknHNyVusOJnwo=":{"valueMac":{"type":"Buffer","data":"RJdtd9fenW4joiQJlg7DqlUAhHFBXdNIr8qQ6d3SyMs="}},"TCa984TInF+5P199+WXS5MHmbdnq25lNlJpwzRivxn8=":{"valueMac":{"type":"Buffer","data":"YgOfB0vDa5hp0zif6A4FuGBs2s1SiAXZDqwjvsNJ284="}},"Tu/K7GfMzCPm3jUkmgck+In69z5T8kCYWP1+B5y6vR4=":{"valueMac":{"type":"Buffer","data":"yE3eNN2jE+dRoKcuRWQC8hpm3rfEzcbmdOMuXkuSZ9I="}},"T4dx6/ZrOTViu0ZVIZUovzFhXPhx1nmoqCiVIoo/MD0=":{"valueMac":{"type":"Buffer","data":"pp/wWL6/dSHiAC0UNUXk1lLg3xxoE8DxoRhhwUPGtMo="}},"T8cj9GkQtG3wLtHC5aPr6yfRznswKgJnIVBkXeTkq+E=":{"valueMac":{"type":"Buffer","data":"cDXACFLq5rhKufTzou3JT8Bhb0/ORcYzHVOQeHffkx0="}},"T93sDqAfeC9d4wienKEDDX99CupvIeb1Y7xNfn7zjJQ=":{"valueMac":{"type":"Buffer","data":"BW8ggZuQxB9JTOp0AuKTZh3YJQk/K0zP5auxVb+LQzI="}},"T/HntDItJIuvvVZIwYvZWT/H6I7+gluqtRb9jHOcB8g=":{"valueMac":{"type":"Buffer","data":"TOMAkj9F90rnP4eSB9Zw8ZMy7m4KoDFL1xuU5Agm2To="}},"UJbNMOpqiqtikJ5fkrIGVMonKHmL30f7t6rWhKcsHP8=":{"valueMac":{"type":"Buffer","data":"ofTRQkqIStySEuVxxFOU3opd7W9O/qOKc/dBVjFxPZo="}},"USC8eGWBWz+yT+XZ56tl91HV2rknewPtcWsHT2vaC2o=":{"valueMac":{"type":"Buffer","data":"U/pXXpYAC6OZ0S8CbeJIE1od1BrSUjijWFgICTjtawM="}},"Ub98O3OTaIRNG54rzH0ec3fXbgJu7yct4V0JP9po1Dc=":{"valueMac":{"type":"Buffer","data":"f0xA/mt2W3PKn/zkYoLzWXMp31p9ESPr7DHLy7QCrOw="}},"Usz23QNbkBjDOG3xL4YE2djikLlfzBWtdcepdwzPkwQ=":{"valueMac":{"type":"Buffer","data":"LSaxl+LPlUmrqCmAV/ep+l7JNL4Mi2MRSZTyhblfzMk="}},"U8ECKCES81cOrJQsie0+6+ELi1UXQ5AgkuKtKkLhwrs=":{"valueMac":{"type":"Buffer","data":"I2eTg9OGU2EU2W++Uxj54di2Xz6mah3vogTQcaMnLWI="}},"VIu1YLZGw3x5VnMaIqJucVayNRy8XIlF6cxw8kFIFzs=":{"valueMac":{"type":"Buffer","data":"0D2ChXa/egswOzkocN+P6YMedmSZyhlDmPYgOk1+kxs="}},"VtRXz53FRYQtGB7zlOW7zg5nhuz9/gADA6yrAMWeZys=":{"valueMac":{"type":"Buffer","data":"yUKsNQi7DUruWglEw6cI64euUzTGGqEcKub+ud8Ca04="}},"VylBu1H0FQpyTru7MKbmiqq9DqLCJncH8pmy00PsCq4=":{"valueMac":{"type":"Buffer","data":"3tgu+P6aSRkxkXb2yk+6iooBiI4ieYrUTAkyxQOZ/Ew="}},"Vypsfpfo/bGNQS2LI3sLwBenChYRIFEb1yPdTSJtOLY=":{"valueMac":{"type":"Buffer","data":"zC46PYmuCb+2HM00jKtomzbi5IDiDaBWqOMTqUIbI+o="}},"V6oHmg+tFgl1QBJntzYn0/qAKhUr8mQ4aOInRUy5DDs=":{"valueMac":{"type":"Buffer","data":"JXuDvpb+H0Jyf56bNBJm7xXkSu2xtcEMw1v9uH3tU/I="}},"WEdsQdYsE2gAfVw3u0HOEK0AwNVoYJM5jkE9L+WHtQM=":{"valueMac":{"type":"Buffer","data":"N+amVtFxIGaZreDnfZCs90wbYL/BqZzD3onILiFnjso="}},"WHxX492c5K7YlDpTR+GEtnTlkAdmf8Wze0yu6Hwnq40=":{"valueMac":{"type":"Buffer","data":"hUaJLIy7n871ulsp23uRYQe4weAiudREHmWaNpw6Vr8="}},"WNClOHVcS8JKKsUp8mahNG5H0ZHx/6UG7stEg/Qg/z8=":{"valueMac":{"type":"Buffer","data":"OuEUKCBKMzta1Cjgl5fA/tjU4k7s2RgVb3zAaITe3hc="}},"WefzI905+Qsj3i3Eqb2subZISIfyCDOJ3oQHz0zXzsg=":{"valueMac":{"type":"Buffer","data":"owaObpMl7/nNyO7qKcoJsGZd2+07NwPLdJqUGpK2SoQ="}},"WtTLI0Dkmcry4epPUgsCVSf9mPPRtZ9OmQtXrsS8JZY=":{"valueMac":{"type":"Buffer","data":"FNSJwFGSyiKHkkmGYk3yNfwXSSGfcBRLXgLpPUYowoo="}},"W2FSkJZMfFXDshN0XefmkmgyjD0j0uXlB0P3+extC/g=":{"valueMac":{"type":"Buffer","data":"7ob4uzVhg4hRA5LfI4SRHIKWAVv9jHNv6yUJ0lMSZdc="}},"W9n8d9bR2RdE/alRUX8snBqEsTolMx33ucjhFXtFnQA=":{"valueMac":{"type":"Buffer","data":"AzPoyCYlHM1jAQMUsSMfbyIHwn+6aR0BFL/W8ruz38c="}},"XDDJbEeBrTDQ6vnNgAOsgtwr589pQ7TUPUJFepL3WOg=":{"valueMac":{"type":"Buffer","data":"k1ZFAkZl2yrR5BeMNfyH27IxI92Gbw03jdOcJsebpoc="}},"XLGx/Fx9ZzZJMtEnGP9Hdl7EsV4JgdC5rooLQ58uZqo=":{"valueMac":{"type":"Buffer","data":"IKqTWt6s/Q218YvTMalrHwor6PdK86VW0rmVn2BIQLM="}},"XP0JYtlL5Vs5S8Xk138dCeVOJYleZ/8iEwywT5Tg4e8=":{"valueMac":{"type":"Buffer","data":"7OTcZ946Bm5S4DH9eXhBOB9Em8pVCV5kG6hCAa+RjGs="}},"XcJz+HmWTs3Li7mX+ZfFiUTwgIxGAnyiJYs3+JW4Z44=":{"valueMac":{"type":"Buffer","data":"zkLBL8UUQ2cb8zkbMb5FuzeO9PP1jdSfleGfHFNDgho="}},"Xjkg6W76Y9IwBf83dyHCKuxnQwYyF2EIdJLfFl2fxeE=":{"valueMac":{"type":"Buffer","data":"qZdhNvwoE8QbpsqUr7HnTauvMSw/U8Xw4IG+k2CBvaw="}},"XukW15Fl2uuwQpghSdn61t6AVJwBeL1+ZLEalGVZfu0=":{"valueMac":{"type":"Buffer","data":"LA+qX8EKx54RhM7zSqhP5Qn1uHLQj9eNP3PejIdPUMU="}},"X6Lr6AWkM9G+2S7WMj3CpMjx2rH3BoGFA5Hx/aAb/nc=":{"valueMac":{"type":"Buffer","data":"qzF24w3uAZfHc5Q2xm6HgqMBG4NGlJeutn4bLnHsj0I="}},"YbAjJZjMqN03Fqu1vuii6TFRqQ+4naNA0W4J+KVppcs=":{"valueMac":{"type":"Buffer","data":"cHvHEO1hovjQw9ig8rjDI8R8YTY3k5G/tQRvd/EKZ7c="}},"YwRrtfWxUwreGYBROdUUOClVrO+fjLxKnc9pD/WSAkI=":{"valueMac":{"type":"Buffer","data":"HONvnHpsCh1APgbYH3XOK9SwQ4H2CGkTV6pj6Hb1X0o="}},"YyVO510msHoforGusEgAhAraknGHFcPxN2sDnAQH+Is=":{"valueMac":{"type":"Buffer","data":"TaFdpQCBWC0K5Sje2p01mJyJHGKQehVp2yJr3iO6KUU="}},"Y2LOKa+vmUNLK1RxHu/FOpPVY88tJD3cIRYPgnE+1P8=":{"valueMac":{"type":"Buffer","data":"9Oa4Hghw8e7A7iB5+iUFuMgi1ZQgM4T7vqIxxz3aNjU="}},"ZOe9JELk6I9F9O4KELno9YOi5uvxGiCqsNU4GjUNiII=":{"valueMac":{"type":"Buffer","data":"Z+XQDgL7z7Xduk7N4eAzFeKKpUqz0cWdsOBa1tulLzk="}},"ZslQgznn6fPtf3HfM1W0PwTo1jBJTOlSbHqjxVl2dcU=":{"valueMac":{"type":"Buffer","data":"mJbnL/cI5wLU7XWa6Gk0tHoaXSA5Fjw4A8QMj9NdeKk="}},"Z67dQoYD3ASbCyjdXLI1CfaIQFgcl49Dw7bLyMap6rU=":{"valueMac":{"type":"Buffer","data":"0oJu/rALPaAQLNQCZwdNO0Km4GgTlcipwytI249aOKs="}},"Z7R1knv3rtOBVAs8NDedmBppYI5pkDQIlPbqALwy7mY=":{"valueMac":{"type":"Buffer","data":"wkjdzylrUgAioIDe3Qqqr3x4G1NbwCLniInLYW/3Zeg="}},"aC5d9OiZIE9El6QE18LE1/EHSskmyijtQXVt7G/fWeg=":{"valueMac":{"type":"Buffer","data":"WPySCjfabdrQFQ4j2Ws4NMcR/pS9qEev/9kMUxL3m8c="}},"aD0u1qv1DJNpyOag7urlliWtxJzQSVPFl2BRJmJn6Js=":{"valueMac":{"type":"Buffer","data":"Hw57SIVgGW0Kv4E62UII48qG9/73d7qErRok3nwLOTY="}},"aONLD9mttRjVoSfzCRWsuMLnixZjFHnkpumO6KaxXms=":{"valueMac":{"type":"Buffer","data":"/YviKg88Oh3HM6+FUNt4xpxsy+WzDFKwgIqT8Sz793E="}},"aRWwzJM4tJcZ7EXvl5bpeF7K3BmbndRGQFj/3O0ihc4=":{"valueMac":{"type":"Buffer","data":"bRwKwDUI7tP2eidzx/46WH7KgfZjPDtO1iVPb5WSags="}},"aRjkvyW7C/6CQTl4tt3Rq5RHk/ajAZclsKl+yyvP9ac=":{"valueMac":{"type":"Buffer","data":"1OH8/aXQ7ZtNaWo+DPjtu4lKwiWsWL+PnFpO89FJkMk="}},"aWjQ2JRhIS6a16rLmuevHm1dsGGh5T3BHvRF+xnJpXA=":{"valueMac":{"type":"Buffer","data":"QeBp3t6l0Dl2VaWK+feYZaCzQuagmtgAMaIcQPk329E="}},"ab7wyqdXYr8tffzpjL3jxZ5bkIGBNg4X697kNBzdXZI=":{"valueMac":{"type":"Buffer","data":"iufjPzVzFFV+A5y/P0ADM0gMYt/UjTgSW+wRD4/arVg="}},"aj1xt2vPXxCLkam7VGicGYrAjzqqBiQlKm9U0nCb28U=":{"valueMac":{"type":"Buffer","data":"bbKb6uIh7TSCcT4hiLcMqVNpNmFmodYdLKPaC1kK66A="}},"a6AQ2ZtPH0ZmIdMsMvEWA9sJnAeIv0q4Z5LM8Voxo/E=":{"valueMac":{"type":"Buffer","data":"gCaW3l7Jakhwg5W3TVKbOg2ZOq4yDWDg0Kqwi3qUEwI="}},"a8/TV3Aqg4nOLwLhtnLh7lfieFmkNZEA1rDLDLVorFA=":{"valueMac":{"type":"Buffer","data":"E9o6TAbIX3LPHlH2DqA6MdqPoJ6Q5V1UyM9Na9iZL/M="}},"bChHbGXIboRSfxCWs53boeqD2P+Qff36S2ln6EBkFcw=":{"valueMac":{"type":"Buffer","data":"OQwOlKBaBf5ZGP/pT54AaJgJ89edSKmLtyWzLMQ+UJ0="}},"bD6V7ipwEOyb0Ez6J+RTeN6kCTgCov8yz95qmXE3frA=":{"valueMac":{"type":"Buffer","data":"w4kjbh/l3jAOdweXCr8/Li8PN/UQrzoM7E0YmPczF/k="}},"bbysbFADinxDDaTtR/nUbK8OHMlESchPLA2TF9Q1Xos=":{"valueMac":{"type":"Buffer","data":"5bnNM2xAZxE8fRjE5/sapAa7AT8X2tOpCIycCJbic4c="}},"biPmwIQX34IIfuHmB7vCBLA1E1Twh4J443cDefGBUbE=":{"valueMac":{"type":"Buffer","data":"HJecaHCFjU45BVV2zO1CkIATLh5kuqWxYZ7MMi3LQ8Y="}},"bpybyDHxiKitDZaOCZndkvhwx86oNv/Gdz6FZha5P6I=":{"valueMac":{"type":"Buffer","data":"E18GH8i0lON6GOGje/cu70A21wrqAO6zFWFNo5eTsO4="}},"bw5aX4fXt4U9dPrbh6kbpcDBJm+Sb+HqsQzGOJ0KopA=":{"valueMac":{"type":"Buffer","data":"yLdz94d512wu0vTZdMa2NG1C5eINhYEUqZQB7SLsnkE="}},"bxcjDtLiwohpiKuQqZ9mt10RgUP14e9tFD3WT0Mgjx0=":{"valueMac":{"type":"Buffer","data":"TpwgwLzSaejKbAhKalSwc3dJRxJlr3cunpWV+6fNyw4="}},"bx7SqsxFjoOP0rM4PjyqHp2oPRlZ1R3dJyhldijMBJA=":{"valueMac":{"type":"Buffer","data":"AxChMmWuSdNsYhM113yXo+pkN9D7S4X7kuQWWBVa7PU="}},"b32gy0bh0kmFuHhkIvtl0oDDMHX2FzkJogL0XJOrt18=":{"valueMac":{"type":"Buffer","data":"48HrpTS26iBCBBIY2Z81njGu+WxW0vw9cvEMl29khXk="}},"b40AdGFM82G46F6k5dGf1HMnFQgfrEDh2rQ95yJ2f1k=":{"valueMac":{"type":"Buffer","data":"+1Y0xJyFa3PbXe1qt7v226a5PERRsdZDCdqdxJgLkxY="}},"cJquXJKYlsx5jKUOHqPZf+PllSsBBWjfXcf8O1PlP/s=":{"valueMac":{"type":"Buffer","data":"j8/bQh7c8mtv7hVKRT52czLZID1uIMAo5R2kL5/MBPU="}},"cJxkt75NRPKFFGaOk3QwqEg0YwnGbydW5SrEsg7jW9I=":{"valueMac":{"type":"Buffer","data":"4DzqjoGlGkwcyRV+a+p/5su92Aqvo6/LrWjiDXXlQ40="}},"cSM3uCJOA+oiBPDrp2ZOTi6STuX6rHn4U9Gme4SuYDs=":{"valueMac":{"type":"Buffer","data":"oy2ZMgGwCfHHCEgAjl3C6598bQvQwnGvBv9sOSUOAp8="}},"cV3FQYPQp9LAJCSoF7WGRXO3Vv32uEDMnylYCV6J0NE=":{"valueMac":{"type":"Buffer","data":"Xv1pcMseWu4QSO4aNZ0htR/r7cJvhzpQlyfDd3wIfwk="}},"cfxyfIAhWxG0ybEqJCipasYlcemKbjlFXVtb9h0M0mc=":{"valueMac":{"type":"Buffer","data":"uvxw2+W9wQRkPGiEkpPNzBl3fmRkQF5AhWwYa9Yin+U="}},"c2WZUAp+/lonZM+OiHeOLlFZ/UPt/+AFvZ3b6oPGeaw=":{"valueMac":{"type":"Buffer","data":"qqJe4iQANsxY36UJoieC4v0wcoBbCc+Uv61pPim5Rwg="}},"dDUbWF3Igx/wXWQ96l6zWq3yMb/3MyD8hKtnYksioEg=":{"valueMac":{"type":"Buffer","data":"cdTuu3J2JhsYrIFmsCJCrsDKLY7pyVktht2jgNyqKfw="}},"dIe0KwCEx7xxBj0LjXImEnckCY+f0g7fGY/89ntEFc4=":{"valueMac":{"type":"Buffer","data":"Z9WmoECWNmYmVsfAyX19garYfyOhD6Hs3N9snOkn4wM="}},"dSMxj1JJdVWOxG9gpkbYnAusHiXu3OgQXDjq+nWTO50=":{"valueMac":{"type":"Buffer","data":"9pSbDJuWYB4XHp18yeOEA0FNG8ItsqjwEEJieH4AFaw="}},"dSjOxXGJCaqo8v0Hn2kgPOo9sLJlQ782z6Fj0nC8oqw=":{"valueMac":{"type":"Buffer","data":"mzRc/f660p+ujWB9SR1HlggeQ38jbVNKYDAoL+fXGqE="}},"dXJkn+0FzFK3nAxwyJXjCs1+/dthByRForqE4P281eo=":{"valueMac":{"type":"Buffer","data":"uPOHZ93Izn/yBPuipV9TBZgrvG5t0YcBfVrX/1/zNnc="}},"dYpHU4USubLZNcRyhNQqEfCe+fdwSpBQZVEENCcNySY=":{"valueMac":{"type":"Buffer","data":"jZjvZ0HKyzLFNB1Mv6Ybz2xb06jY10tLTmbBvbIkNv0="}},"dbfAoJ3kSI7yZa4Ptfbb7MvveXpfdx1SsyIDAaThlv4=":{"valueMac":{"type":"Buffer","data":"7nKaPpHuZ491vGOl8emjCIahSVZoCo3eyUq3Pz0OMgY="}},"dpUBSwf+mhEwDA9QpgZUseduda/agCxgVvq8fjCh9jY=":{"valueMac":{"type":"Buffer","data":"8GspqFnZIyW2ZxDdtRaqztBg+SudNElnUyGlWbC60lk="}},"dqIm/UNKIzuzG16wWvTBfo9LGwThBMdnvg0FicYp4Qo=":{"valueMac":{"type":"Buffer","data":"JJyKhZoZJj4BLWo9QngXHq4eefe+ifGJZTFl8rPufo4="}},"dxmEDb53/hjoBmHL1bWUY9z1zgQdjFVTEI4nUP2MbPg=":{"valueMac":{"type":"Buffer","data":"GLaKk//sbZJlel0MuJ8RqECwS4w4PJlhpiytzCEPEQ0="}},"d6gmFMcwXWcCfoyTJssIvoIy8eUIDlUYQ9xqmY4pAoc=":{"valueMac":{"type":"Buffer","data":"OQFjF4zxWKvCQcCh80TEwqp+gio19fDxi/aYO/NXgi8="}},"eHsoRawv06kEkrHn+TjNJa6ISzg/b18mpmVj2AZngJI=":{"valueMac":{"type":"Buffer","data":"dikgrflNPuLw5F4CxtFC2BD+7slcZxPLnHavOrCz6U8="}},"eI5o9IPqCu4WmXQsvnw/929LYz4f3vb/7LjOpe2uT9Y=":{"valueMac":{"type":"Buffer","data":"hag3XqhW4S8NpSsbhG4BaOvuAVVODXo3Hvf++Mi6NWc="}},"eKX5dKiyE4Lf9lc1HryWiRgxlkYNYTJHIDvhO3RlcwE=":{"valueMac":{"type":"Buffer","data":"VN3Lws8F2qZd4HetL8bovfeJN9Ue6Nl0GeQQ6ryhqX4="}},"eMIO20KuqE4fXXet9oVFFqI8J87utb7WfRpLhOih+8I=":{"valueMac":{"type":"Buffer","data":"lxA5oPLLK+Aoo+cJaJT6/e7HJqY8jSKYYY09UMe6hhA="}},"edjYCHLC82l4nh8e34FWjhXw/PioahQvhrCjpwUm670=":{"valueMac":{"type":"Buffer","data":"10jd6duLUPBJWATfEB4/ECHS9WbDRCxCzL36Tk5Npj4="}},"epyDGms2fBUuuLWJocDbOXA/4fv9eb0k2jFWvAQYlP4=":{"valueMac":{"type":"Buffer","data":"+hx0JrZnUx4zRO5eS9OkwbWr9Jh/r74OvAqAtrjnNEw="}},"e8It9RlQTNW3OSz/saXZApbdQUuwzCb0kmmqt0eW7OY=":{"valueMac":{"type":"Buffer","data":"fdedzwX03Hh2/UANfW0EQzqR9o5VQm7Mf4nkwLemDt0="}},"e8UY2xBVC0KFbDFZ91rwt8RBVVyjel2nOnX9/VcmgkU=":{"valueMac":{"type":"Buffer","data":"fk89kk8LEAX0Rd+sz2vKw9c49oCfcYJNAJS44Tjt9AA="}},"fDsvLfKVOEt5DtFweSZNlqU3RuhZ9YLsFqfwyQOXoYw=":{"valueMac":{"type":"Buffer","data":"1XVVgZ5fAU/u8DzADkTaIuIvqZ7CF36ZSJr55+VLD/k="}},"fE70Ocx1aOQsEkTr+1cGJdP7FOYTj64SpQKsZHi/0Y0=":{"valueMac":{"type":"Buffer","data":"h0iGYnl2tyjC+AziKYtKubJcI23SyYeAskdUO7LVO34="}},"fIONgZjH200voT+efTU5niwvBISqulXiUsBbo7GyW9E=":{"valueMac":{"type":"Buffer","data":"mazGw/4kQY9at9CeyCuiwm+wWU4ixn5nUYNzAIAosWg="}},"fJgijjjkBhAxFaF+/k3tVo4zAmLEFVUTuo+FvIKgHQE=":{"valueMac":{"type":"Buffer","data":"KQyaHYgr76e50J/OJ3Cfa73rM9jcU7+iNXmtzBR8RVo="}},"fOq7qTu0l2IvqJXakLqEPMoez6iqXKoEpyykdkYW+Pc=":{"valueMac":{"type":"Buffer","data":"Cad9I7jg2vZvmVScZiT5WZeWEIjDEy895vcH3ajdUfk="}},"fRyMe0gPLL5ienrnJhucdq+hHHzu41uM/pzgDvDK6HQ=":{"valueMac":{"type":"Buffer","data":"OrxcAZbuibhufKYE5Mq4L2VO1nd9zD8vqzE5KZUlF5U="}},"fVWvpaZtz/hFujEVXaHB+qrJE69Dii07hoNWbxR5mnc=":{"valueMac":{"type":"Buffer","data":"F9pSWb7cOD9Zoz8OmJvIrgIbOs0QUzfzTFV6X4jC/N0="}},"faIBnZOlQCCbfS8wzBhEkoMoGDNUTm3F8bp5A7HvbbE=":{"valueMac":{"type":"Buffer","data":"1Vl8TCaCM1WNN6eXQAVhx+bDJWp6wsxwkZyk2ijAGKs="}},"f77v2RxDh7+hzWcy2qKkxkueX3YDx1RQCb+TpTZSoKw=":{"valueMac":{"type":"Buffer","data":"HcEERte1LGHM9DXmZEE7Cw9fm54ltxThLGDb+iON4Uo="}},"f8L8bnHRPthcHS7X8DI+u9Rks6/vbzcVBlK0OdE7cBs=":{"valueMac":{"type":"Buffer","data":"di1TEQZW/gc17K/+gz5qM9mfa3Ti95L1Wtn5iqcR8gE="}},"gFwigFIjOJtNBgjPHNiea8n83l7JXeZvi+YS/yCDjfo=":{"valueMac":{"type":"Buffer","data":"lbObcNR/Eufgf0O4aN+Zuplg+bNRrE2HCbc8CeQhn8Q="}},"gO+h6du2V+8i9L2zMbJQvQu6YmxOeFwRpdxaeFlFeP4=":{"valueMac":{"type":"Buffer","data":"Xwx1CPjaWQkCbpyk8Rrqw3VbL7M6qAg+8E+1qBtkFVM="}},"gUkQvbkrzVfUONWX4Jem2fYb52b/4GxzgYzyK9QVuN8=":{"valueMac":{"type":"Buffer","data":"duLFf+L+IBuUT5jF43YG2adyEDQ4g7siPaXizvs/b80="}},"gse9Tc+uBGCD3V4YyUTM69D5FqgDn0mWdSTxsDfhaf8=":{"valueMac":{"type":"Buffer","data":"VBsZa3XLqwiJNcirAhWWBTMeSEAt4AQYnBOfio+jHxQ="}},"g5nJm4wBiEuU3oSaIOjp94y5DQBW7d3rcSSd2PY29tg=":{"valueMac":{"type":"Buffer","data":"rGHekjmoAYcvfArOBuqSfhpZwEyyuASTPm9zqWO0uzc="}},"hLXi7RO9D/kn7A9zrjm+cJ1yzX23VF3hPedtzR3mr1o=":{"valueMac":{"type":"Buffer","data":"zwnsLok8DhLjvqgvKABOXXU4/7BOl5alE6Zn3FNQt2M="}},"hWYlXz6J4m551J6K7DRB8kemHAN/a75RX4H/jvWObG0=":{"valueMac":{"type":"Buffer","data":"0RcWjKb7J8G9FirbyuRHbj7Q/ig4nz1Ufi/j24EoElk="}},"hk39wTJy+QOIj82n9Je5abXmdUUdTTBH5QOdjq4uY3k=":{"valueMac":{"type":"Buffer","data":"zNb7jst05TGs43tjsdTKZbv6LJ0HGWF3x02CluI3p5w="}},"hnhmD8muo9Rh7Bttg90MnVAR1K8OJqscxDcSP2wSQD0=":{"valueMac":{"type":"Buffer","data":"m0PAP2gyzhL3vVrcndpx+WqRlaaEgTfxPg6bb38E7XM="}},"h67jMSkAeucdzYIbzUjyH45OengD4l/O5izTAMvNgUo=":{"valueMac":{"type":"Buffer","data":"CcruiRnnvodwV0g0BuUFUoMBveDZLgh6OHuaXorJZbs="}},"ihwGK2PqAj0x5aVMJlesnGQr6fAhpWeMoNyvW1jivBg=":{"valueMac":{"type":"Buffer","data":"ag0v3De/k8g/XK4gND7USx6FuN3hQqL1oqpe/7WwhRI="}},"imGP4bLiyDuTrJ0AIwGxF7o+9Y1R3YSqa+mqCO3HJKo=":{"valueMac":{"type":"Buffer","data":"q+u6en1f+hesp2jn/0Wpt4qsa9tsPd3Wk4ST9YdnWeA="}},"iuXMe2m/SKdNxRCREygibK9YdeCWiWHuTqj8IBwS2ps=":{"valueMac":{"type":"Buffer","data":"3ZNXR9BX3K/hFKkFEwxxqdJiRoNQvL0WCErTy7kszhI="}},"iyPyC+pPKp4I0HnjA79APj5LbG2/C7L6TYF8G5p1rho=":{"valueMac":{"type":"Buffer","data":"glVLoyXsVGY/a19XvqW07n8Pe+rEBOPpcKBZ9TujCL0="}},"i7xvyhs+YDbBqC2GwvR50vv7SLJEt/zDSAUmuFpFm5A=":{"valueMac":{"type":"Buffer","data":"Ru5IPPOAE7Z5CBvJJgn3ucXK/h6gJtW7pfPbqZSIcpw="}},"i/qB0teYbAyesK7UMt8RpqQgYpRVvjqxGETAn6qwKck=":{"valueMac":{"type":"Buffer","data":"wWcjj3AFILbzdgcgl2R9SNBCN5oUUpvQ5Nz78hTWlaE="}},"jGYgeJzXayt9tRA4Mw26ND0dzAFgS5e7ThJeGfJS7IM=":{"valueMac":{"type":"Buffer","data":"jUG6DHcglVz2VB2PedrEbge/BliKWC0Pg20ltmpYqu8="}},"jZ+WvlmNhsssiehc82uKYg2DFZvJSpi844mhgqzEWsk=":{"valueMac":{"type":"Buffer","data":"HOI/HF6nvcOOIoG2WlTHxCDCQm9q9xvjULr8pBBPuX4="}},"jaO6uh32RFnjfq0yPb2tpCZtvSgh3K8e6tedYI2Vvn4=":{"valueMac":{"type":"Buffer","data":"OSyfKIE95qY63aVsXRDyHnjjYJzxekMRecwh8PwZ0hk="}},"jekRWG1ESIX6RyjfLzVjPetdR25MKx23PtXW5Edhy80=":{"valueMac":{"type":"Buffer","data":"t7H8Uf9Mcg/vibXPzyXGM+AnGn/UHds1dZ+thdbHAUc="}},"j/UXGN90xf7Z9EHT2umLsExtd/DWA/7THpsCwC5kiTI=":{"valueMac":{"type":"Buffer","data":"HSCCQkY6k2bBo+Ckgoocg5wk3m79VrbEwlKAT7rPD4k="}},"kAufLZqnDrq0RQY35WWkLpPv9NUGLQ2Fo+hRzKmK/bw=":{"valueMac":{"type":"Buffer","data":"A6iHc3MACk0dY3nGEOMXk6cYWjTfRwjQTvZgmY6V0ls="}},"kMeesLQTwkvyJprpiRPoUJpws/JO6jWydHXrJqI9SnY=":{"valueMac":{"type":"Buffer","data":"IJJpF055JNJ/Upwcgg8mYvEeWGQvpWqTYv4kDiwwITI="}},"kMpHhyRASfbncst5xnAfOe27Qlg5TG+ob2FqufoNouk=":{"valueMac":{"type":"Buffer","data":"kuFbjogNB3r3c0ica54hhXuQsAQWIAngaoT8cYIXUrw="}},"kZfEWaYnDtmTppAR/wRrEk28MmBnT3IrJaOon/+7eGQ=":{"valueMac":{"type":"Buffer","data":"iSp8lcJd6IkaUAukEhroITJqtOuiwcFAZTzh3hv0Lkk="}},"kc6DhPuHMLXzLtNu58NdQ1Fup4qh27tcmnwfZXKmUQo=":{"valueMac":{"type":"Buffer","data":"d9dWzR5WGwTZIRqu9mSqXTFBfBuAvwLsxNdtvMcwwIE="}},"kpwXY7l80t0GwpTE/gx+wWho9FlSreljFDLbKgSzAUQ=":{"valueMac":{"type":"Buffer","data":"qGWd6kQ3G+8f6F6778HjKe4ffl+oqhiGt0aY/qyrwWo="}},"kzK69tRCgcCs2K9RQgVQDECbJjx4EeTPSYz49jpYnE8=":{"valueMac":{"type":"Buffer","data":"XkzjTZDyoWxOQGWDnUxgLCrCn4jVEmO+Cqsl6AvnRK8="}},"k5eFmRszgaLPOEkDOkh915T2Tqrc2r1KVSgz/2hZy6s=":{"valueMac":{"type":"Buffer","data":"mgdL/ThmvGW7/Zlt3Cp+p8tYrv0yLlcZyj5k32pIEyg="}},"lJdRzJRp+OJKDTUJsOlEjWMG+7JDSxP/zbM2rdFGD/w=":{"valueMac":{"type":"Buffer","data":"YyNgvIARuqI+ulSB1ccpLw0BdCogE0b5AbNa6bdFuEw="}},"lJ1JbxakPfnmx4kF2pnOZ3OFpgIhmE9J1B9ISEPsqjY=":{"valueMac":{"type":"Buffer","data":"RSA0yJyuYDBQauZUTkz6MBxcSPFoM9mhew1kQKrOrt8="}},"lZM3mEu1e+s2RvbV0uoB/kalrppdXa4wRMnrg6GWp+0=":{"valueMac":{"type":"Buffer","data":"j+Oif1IXzAdplbVw3g91kN+GJEJEiKaYPdIRDDUcAgs="}},"mChzEoIZllF6lTiOIQ4ObmN6Er36xpou+KYeSVU04M0=":{"valueMac":{"type":"Buffer","data":"mima3OTcuD4OaEuYIWf77xftZCeCgEg+EPjtJqy6x6o="}},"mDHFbz6VGvV3O4R9MeST8EnsyX2tEeJQBNrViefBa8M=":{"valueMac":{"type":"Buffer","data":"a/Ht8TN3rQZwMyRM2RaPMm9u4RDipVj7NL64OADHRwM="}},"mMu5070kk8/iXlwtO6MEOZJlzmZpqXG4S9z1tKcRYqk=":{"valueMac":{"type":"Buffer","data":"A/7gWCv7tyAti1bz3fQ54ypUlknT3Qd/k+KUJ79LtXk="}},"mVSL2K39y5flYPPrXbjIxaohCJna5oZz9zeGAY5mZTA=":{"valueMac":{"type":"Buffer","data":"TfGMxbiYO3ohR8ieufVILUrhBQVEAXYwrVQs0vBqVeo="}},"madOYiIML+05wBdfqed6/MbDC0DoLUnoQOhXtn2Kbr0=":{"valueMac":{"type":"Buffer","data":"R6MY/uDutzPopSVPaLrmYniQXoa/PPmdEHzn8ePVOWQ="}},"nBRMCrndbAZ5X6PCIuQH1eFPskunt+ILD2ohTMW3uy0=":{"valueMac":{"type":"Buffer","data":"K1+as3mivmC3Qo7NDnoODPihreKmfT6Pc6uVJgEy6Gw="}},"nDDe9GpY4GIFSfHP4qR5TTXLLKvJLec+ok6XzhSDr8I=":{"valueMac":{"type":"Buffer","data":"53qGY1Bsa8TyXrK8P19RrWuq2rfvzzIZxS9DJkP+UBA="}},"nNjO6WoNpCoh9ZQ9IdsmCuyqc2NSac7aF9QjWB88ils=":{"valueMac":{"type":"Buffer","data":"XDhrT9caeFyu46kvf9IiKmv4SH5lV1TC/cJSXsiLcQ0="}},"nT8YcWqd0XZx+sv4IBHaId6kTcJH/6okQqgv5oj36zU=":{"valueMac":{"type":"Buffer","data":"azRb8dfm8F0RIRrNTW3HqHui6r118P+PHAeR+oFKcpg="}},"nnR09I6m6SSrLghCSiTmybvwG4K+CdoBxWHTuBBjSL8=":{"valueMac":{"type":"Buffer","data":"HFpy8OoOGkMtTwwcTuZwXUHDzpXqMcKDOlYPWhPGE2s="}},"nowv48zCknrTlFSdnTkHtvNhqvEtewPofM3EtEiGPQE=":{"valueMac":{"type":"Buffer","data":"OfwV9Qp8UVof/J11pfJV+7hBAW2XbyRs6oLZYhSjuXo="}},"n0vLBslrSGmVsY4AC6DPhgwtNn/p+pbpSGn0+vlf8gc=":{"valueMac":{"type":"Buffer","data":"aos9R0IvNdheS/3dNDZHeeZJgn6NB0Bfq0O4PRjE/Ho="}},"n7q5f6kbVWIBwyNL3MUnv8kzrkfsarnmt45izD0ezYA=":{"valueMac":{"type":"Buffer","data":"cDFKV++wP7udlLx4KZKGhxO7jMfyOLuRZvtdFWSwq40="}},"oCIWZGb60JPLdNouTXfKr6it13HCurULrpXt6YNk/kM=":{"valueMac":{"type":"Buffer","data":"vuEUVCtlpa3dWkIAR7VE652ZrsQ6RHtHxL/ZFDgOR8I="}},"oKBnPEtFKbdCSzHHizJWvyWyHZZvXboNzPU15DMV5l4=":{"valueMac":{"type":"Buffer","data":"LwHlhME5OgVYPliznmuOlgGrWNxxLxyFYq8F4HPn/Do="}},"oK37iiLycS8KGpbW4hNOjqtBdRDU1WWxUeJATeZTRqw=":{"valueMac":{"type":"Buffer","data":"+gqOcI5nBeqBYi91n10yi7kAqX27lqr9g+HHgKNUFyc="}},"oW3lp4g5octS3KsHj7bxcf0EhAoEOaP/ncmhvN/dIwQ=":{"valueMac":{"type":"Buffer","data":"NCMqdOc/6XWM9CYjFFUvJUwJLsLXnor+XVMvfrCPAnE="}},"obiFIkcLOdmwaewzbPAAFHuZh+HT3Ql173cVKzX9oGY=":{"valueMac":{"type":"Buffer","data":"Hj5criEa6lDleautbMMcTVRTALDSw0C3ApnXd+eoEeg="}},"oiD7lSeej0WcnAkrnPuEljkFkCaHft/aggi6m767dE0=":{"valueMac":{"type":"Buffer","data":"EWKIVXfXg40UpJcFoueMSgoG0KMssi1Sg5qsskFOjBc="}},"o3NEUdGsvz844WlB5W7i1JD0wUXQ+90PkKexNU4J6oA=":{"valueMac":{"type":"Buffer","data":"IUohsVtakjjOVylhQ9akqlma0sja7tWE7mzpdySJd00="}},"pDd64v+P7YEnqM+cXKRrYFDbOcYISkpVPoifO0tW5bg=":{"valueMac":{"type":"Buffer","data":"ZRhvmGhv6amzekj+trWoEBhbRxhkxjHjl6UMgtv55hQ="}},"pQAWopw/3s/92lylZ9G/PwEBSNMXRon+Po1dOvDcQ3c=":{"valueMac":{"type":"Buffer","data":"57g7JKav4+7NA7xfPdKw+IQHiU1E1vaKGvN1TcQN/vA="}},"phpadPQ0BYW2PECoDkdGm6z59beMhX6TOLCSN4tSTy8=":{"valueMac":{"type":"Buffer","data":"7J2jhE2vXtmm7AEXbHwUc+z8/6o8SoKN+pxhrU7Ps2k="}},"pmlSPNugEae+zEqVMQOU3Zf7YZums6HpayNI5IvRqGM=":{"valueMac":{"type":"Buffer","data":"RHPpLe5RRpfO6g/zL0mLHLsQcz/5T7fVd0fhvz1jTa8="}},"qAx2pNNDlyd4hnJhZTd6VxmrOlQ4dsIFSEmfTRGCbfg=":{"valueMac":{"type":"Buffer","data":"WvFxiK1X42mZ9wOha9h+hB/5o5zM6gSfGvGPyocgxJU="}},"qEcxaSmeR+RC+FB/RGbtueCnOX+Sh8yj/wdI8EWiWnA=":{"valueMac":{"type":"Buffer","data":"jZ9jIl8zqmdqyoxMWWfbtbVlHNSYRmDFPaR9z3unULs="}},"qGuVBcexRxAYTO97cAUvy2aw8wcp9l+WBN6bAYqEQuY=":{"valueMac":{"type":"Buffer","data":"daU9Ov04cGqfcfMvIxqoTpxeLDe7WPgI3SERSuJYCC4="}},"qLS6O0eaoDVirwV4UD6me5fJQzmGgKRgaTYpGJwm3O8=":{"valueMac":{"type":"Buffer","data":"2alzllOjNF2G050fS/YBRWXTurWm1ZcUE7xtCffv3rI="}},"qQ2RLEwaxOyNA8mCXehK0mQSBistxkEGFeSPV50qYpg=":{"valueMac":{"type":"Buffer","data":"NyUcTjjGupxNthe6XIu0VQt05hE7aDF7plDMvj+7muY="}},"qSqZz55tma7fP8kvmBJQo7msH5T9A8TFWkjorMy46yk=":{"valueMac":{"type":"Buffer","data":"B5akxa7Ltbc2uzgZgZfLKU00QHtUWV+cJbqMtb74fwk="}},"qgOJ15ujIwbB/Dngvhv2rKXhf19/d2hJWSP2XXxdQC8=":{"valueMac":{"type":"Buffer","data":"daWgy4+iFOWkel236eR5trWieNYWjvhaOJGak8gDfvA="}},"ql8jrVoDDthw8MFCMsmoSjKgWkGxn/SSsZRj5TWLJHw=":{"valueMac":{"type":"Buffer","data":"ooRu+zbsLL7j4X+U1w+h09YxvOuzoxt90DVkIXMm83g="}},"rHOHxXh+s4q583WNErwnqulQXCfqk6ta9ZsisBrLwU8=":{"valueMac":{"type":"Buffer","data":"C594MvhHWfRdTj2dok124mETbaQH18vuIWF4Qxz5HwY="}},"rJQesBtCbDv1yPaqswsszmtj5zJxntFQXI7v2o16C/A=":{"valueMac":{"type":"Buffer","data":"3QRqxbRXiQM0wIzKZBep/nXVRquEfcW0dwr5kd8GOHc="}},"rWKVjWt4oPyV40EXq46bjU/jpUPC7we6lnbtHoslvao=":{"valueMac":{"type":"Buffer","data":"+WvFuNGH56M60uNz9HZHQqgNrwh3CNz8V5+muNF4RY8="}},"rgNgEgfBQGww/3r8Hg6fon2pdWu1It5NkQO8+4t6jlU=":{"valueMac":{"type":"Buffer","data":"vf5pfSRIWr7T6lhn8zL/3ynvdYyUL7Z0F+O4/geQG3o="}},"rr0URQbAsmjFN3S+BH/ZNFiBWC68xaBoRjh1wmKVVkA=":{"valueMac":{"type":"Buffer","data":"kFTCYmBvKKdML1o1d3LxpJyP6QANLW/kNI06SzSeJCU="}},"rwU9dmTUy/mxS2xBEhVAa2XdYjCk575plcqvSZYMAEs=":{"valueMac":{"type":"Buffer","data":"glZlCiBaABF+7Q7PN0xYUrEE8KyFTajYxif+GFsLNhs="}},"ryP7Zi1ceLCqUcCgrBTznPoS7dtNDFsyIndGTuwlH5o=":{"valueMac":{"type":"Buffer","data":"zBgwwpxDqUSlQk2nbpqanOWULEM1Ro1pGfIVlJyEFoQ="}},"sdvxnxKJLO4QCr59COha+sfUvMJ5uuLvNnCoBlaXYIQ=":{"valueMac":{"type":"Buffer","data":"4gFff5H/hLzl7lPgkmLDJl/R4mzjzPNNR/9CcEkampo="}},"sgm+ihYgo7kiRvZMlCxd/+PruLCC4ydVOSomlsnQR2I=":{"valueMac":{"type":"Buffer","data":"miT82s7wPF9zV5fCp7tF5Msrl3/Q2NQRP3Sd7jZKqS0="}},"skDvnQlRROdqkOUwFWexlMPNj6kMU+xm/2Pm7BGhVU8=":{"valueMac":{"type":"Buffer","data":"IGrv7Ge5nT1QrV2xutWB7aMp0NItLtIYW+u2cho4Zno="}},"sk1/coLsNNODRRRGh7pKcSl9KokN3tlBBgVOj3/zQEQ=":{"valueMac":{"type":"Buffer","data":"SYgmc4sFW2csc/4kiqq9MrFwLU/10VkXCp7UKP+tlz4="}},"slybwh0wI8dm+/uBaLFYWKl5LgYjy+H7WGar7/5Rsn0=":{"valueMac":{"type":"Buffer","data":"VquMi6ivuIow0grAMtGMglDpSFb9/R5RTwG7QVWVJ1Y="}},"sst8uYa6CNrZZ2+Ulg/7PG08srGqhb3sP9AVFJyjWzk=":{"valueMac":{"type":"Buffer","data":"cmVdjofflbCgZQfCPo7dCOA6gzQPj9fLRUdKb2kxHWM="}},"s8pPSVWB3gnmaP4Wrj8C88FbUV/UDCihOdX4JCWqZpI=":{"valueMac":{"type":"Buffer","data":"d5HFTYnXSwODvdZihL8swsCexGW73wtPy5B/NSFDq58="}},"s/rFK9LwEOPuuMv8b8mYnC55XL0HYnx3Nol1pZ2zC0s=":{"valueMac":{"type":"Buffer","data":"A8bzuNvPRvoUbsH+rkKO5CRVBQ340NuAzwpJ0uB4PBU="}},"tCFMvmEBMuy61NAp6J5iDBwGLfsIx2WhCrczMGA+/GM=":{"valueMac":{"type":"Buffer","data":"b+57uGLk3Npzlc+RhFZ33mpPUnB9Oaxg0WuSFSE+CSk="}},"tFZgSdEPxY+WYBbSx/F9pOVgTlWjRBALoEdLBPHlstk=":{"valueMac":{"type":"Buffer","data":"RAWgPPzEFMy3fGeqLA79yTkoyoO/0c61LmSl+ORk0qs="}},"tMStogoEUXfwAsyAVmtM8wE/I/X2YxdT5/BXLBJE0Ug=":{"valueMac":{"type":"Buffer","data":"Vfjv7a6kYXQF8PaCn/0T5a3Fc3pnQBqs2IYucAvNJFo="}},"twX7itT2SU+ltc4MuklIx6ld0XHFNWjyO1eSPTbK/Ns=":{"valueMac":{"type":"Buffer","data":"IPVui9X3OS1E0FIs8CaANcku1mJOG38LnhqPe8JLxhc="}},"t/dObXFN5EsAFFb0wmg6ylLUOMzPuh9oeJ/aPwTsVAM=":{"valueMac":{"type":"Buffer","data":"fV9/NtT/HKkPOsloFCyT1pOMFKa4WoryVWwWXpXmnBU="}},"uI8vcj7CCLXSGffw02tPaY0uox1iTJKEY6khtzxkGZM=":{"valueMac":{"type":"Buffer","data":"0Vrx/eRxOXKoSEWpJeNnF61rynvK87/q42vD6rhugKI="}},"uRt7toYW4AlyLMl2QmsfS89uWaMVh8101zy6l3fZecA=":{"valueMac":{"type":"Buffer","data":"W2XrN6Xd7C4zqxNMswuL1MwmIi/vU6OUQenD7ogMfLY="}},"ul3FzaaOr5Ne4GjUOoYli50ViTSjOJAReJGnglLaeCU=":{"valueMac":{"type":"Buffer","data":"pHaDRdK/bXyDTLEqs5Pl8ajt6Dv7cPgUDribKKYk1to="}},"u0WsdnEAqFZFwALEq97UQQ2OvaJMQTUyw1tItz0ixa4=":{"valueMac":{"type":"Buffer","data":"RHcQMEyh8m0maXxEmdRwgFCW3XLahqDufkEbdk2Tx3M="}},"vIroAs+ZQkGFxyzLPdnd/rYkLX4XOu4ggqaeHfeu2Dc=":{"valueMac":{"type":"Buffer","data":"8X+1tiH0XNLEn+fUce/3PliLFvUn7GYe7H87sc/iftc="}},"vOqryMek52w15FQU80SA5olS++boL5t57QS71Rbnwvc=":{"valueMac":{"type":"Buffer","data":"SmLvDhAyP9EVBQykg2gpMrb8Iwo737QKa5jZC3hsCpQ="}},"vWjTBqZAk8N1sFsmmEP5e9QYWTu/W45Fw+9DN6U6/yo=":{"valueMac":{"type":"Buffer","data":"dyfsrzPhd3PGOuHepGNTOUmUKruRZOxoh3ufWKy7JQw="}},"vgyYd+Kgg1FHcUO4MIuJmTCKh7qKw9NVtZtZlmeeLGU=":{"valueMac":{"type":"Buffer","data":"Wep5qC3qOYDmcabdCy0CLAxljmPvLKgazPCRaUkDk6Q="}},"v84vb2f+HgcskynG9j6oJXj5VFJl6C9VT1WDCVU6cbQ=":{"valueMac":{"type":"Buffer","data":"clgehclAs3P+uL/PfjYCM4uRtoUbkZ2gesu+/idJ+uc="}},"wC4VNuFJfvQ7TegP/R2ww1+nB1qGWVQ1OnMSNpLb+V4=":{"valueMac":{"type":"Buffer","data":"avz0EXJYIoAfgqM4AWZk1P4OQMoPOwEM5VSSubyYgUs="}},"wP17l8E3TYjUOGbyPljQ1bDObQmkiDpxcoPyLStLtOU=":{"valueMac":{"type":"Buffer","data":"4A7mpx3VfKnfDoE6encwVtvjfqCrlBy5tF6thOBoUok="}},"wVtP9O4hOYA0HxaHxIkDhHKF4Jmykxa2QEBdGwydgR0=":{"valueMac":{"type":"Buffer","data":"y6bzIsF/7+x80QDJ8ySznk1tah3I03wsunJax/FL3Qo="}},"wXXMr0CAFTiZcxcCCr7sdGOcy+TULs3NiM+/9MYPnFs=":{"valueMac":{"type":"Buffer","data":"ZfYt3cfEw8jvBv9ZE+s3TBeDiQ7ZRHkDWoYxN2u17eA="}},"wb3f24KH+Y5EQHbF/y+egYv72xVYYTWRmKIR+2IHvbU=":{"valueMac":{"type":"Buffer","data":"Tpb7nTPzAY7l2Xooe+C4moRaTtO5U64yjB1k3qPOrXQ="}},"weftTjyn6agvT1K1v6FY+mdu8wwCO9x1wpK7rJiJaE4=":{"valueMac":{"type":"Buffer","data":"/5nTJvXCTCK7W8OaypRS1Qf9ZfyXDeyvwGKZSIDOOLI="}},"wfTIq7dSHWmutl+mqqxGk0di1Tg5NhAja9I+W1ng0uE=":{"valueMac":{"type":"Buffer","data":"k0KXALDTNPEKChOPgHWJryLpOV2uWp3CZjalUiLm1fc="}},"wf73G0Voj8hsOYrvpub9QTzysXO7Z66d1vdKrKVLxJw=":{"valueMac":{"type":"Buffer","data":"7P4lswuOWaob30FnzXfBiXOyE+hyAA9/CsYqS+BpVv8="}},"wwg+iFQOh3lQm8y0is3Kj7l74zS8S1mADNamzHG+JvU=":{"valueMac":{"type":"Buffer","data":"fJGfYVm8i2i3szG7pHooSf26/AC7S2qWGLhv5FBrPko="}},"wximOTNbyXqEFVhtfDNqU09OYZVk78epUhMg3t3xPWE=":{"valueMac":{"type":"Buffer","data":"pliVcccwH6yH0948HmWabtEa4iCdV4VhLIZfZmf4M68="}},"wzZv2xYuTLqAeRlzMS5n5dIu5A1Si9ZJq533xIIkJo0=":{"valueMac":{"type":"Buffer","data":"+QqOJfoHawI6hHkJ/uE5gFM2+x13BfjedqfFzs7NPrE="}},"w1QrlzR+4db8rxQNuWsEQCFdCxsMvxT2PUdFry0HecE=":{"valueMac":{"type":"Buffer","data":"XtLIWFWhvWkV5d+TzEpD9gz+EEJkskT/tbkpaMdlJqw="}},"w7OaS/LCnjpk/MQRxkRy+E7lGEcghvJ3JbD3D+gvW/Y=":{"valueMac":{"type":"Buffer","data":"+qzMHCi23PC6t3EK6wYlbraGbDzg7K9EPYELR7qn4Uw="}},"xAf5AL1tzvn7yICrMs0ys4n8vcNxMrtoP6cUUaj1/qU=":{"valueMac":{"type":"Buffer","data":"TiY9Aa79vj0fyPeY17UQ9wBOuLmHQ5DGlLNaexu1Awk="}},"xKg5/hUjFgLK2+tcUrYpSEWTaEh939mDTDVnpHuzA2Q=":{"valueMac":{"type":"Buffer","data":"nN2SdjtD5JNT26T8YXdLodEdX2AuP9qoQAdSA9DL9q8="}},"xaD6wen+Z4NkaJjbJ7XXAGhRbl0WU1RL4sqKwuT20sw=":{"valueMac":{"type":"Buffer","data":"a17l9o3eowqnNPprYICeiisSG+v/eldDZCWS/rGqToE="}},"yJoOW8hi+y/jurLjxxFEa50P8AFM6bnvyWjGY6TqIP4=":{"valueMac":{"type":"Buffer","data":"u+JFduFnbW6rUvr5FQ/TP1g1HnXGHCGHGcpZwU5lZos="}},"yQVB9fvUrCrZ8FsdFKxpsSlFSajRLsiEiLRA/Ylg2vc=":{"valueMac":{"type":"Buffer","data":"IcyV2cWsIfvYDezboukruWpirKhIAnRDgrilCKHjAPA="}},"y67bS50pmsEcUhwxD4FGXatQGcfhaKX2VgJ/87i/pdw=":{"valueMac":{"type":"Buffer","data":"ETdEUbOA+mjuUDODy1eeo6pgYOwRQvADxAv7Nlr6j8o="}},"zGzJey5OwHFyFVi9AgSwcuDpOeEpr4wpiXAYd0smT+8=":{"valueMac":{"type":"Buffer","data":"H3btWMnjCNM/Hq1YavLvdpHcNXjAXPFf1sdAEeO7xy8="}},"zIH6WKY4ucSOvMN8rKyURRLHh9aZYxDLazN6dzRLBYw=":{"valueMac":{"type":"Buffer","data":"AUFuHaYQJfpb9MirYEkh2vPKMNkoL5jkSFYCzm3TzJc="}},"zJI5vU/9QsXLes138DB/gsKW0bCLrDLbZ8BE4i6gAyI=":{"valueMac":{"type":"Buffer","data":"qPol5P1zcoHPFhrzKmwnmbTLllW5yPw/T4Bi9eADb6w="}},"zJ+Qabc7Mnup6hWh5h/KVADIupYfvAqCNIiL/uzr/ig=":{"valueMac":{"type":"Buffer","data":"PEwBJepdfwFh9RF1X0qs34CJ4gXsfayfYUMGC9r80fM="}},"zP2T2h/g+wEPiRJpGwXHHYMlVlOribmqi5wLWJVtc+c=":{"valueMac":{"type":"Buffer","data":"ros89ngeSJ7Ns21c6v4fmVrtgPS5gh/+vShgejfyags="}},"zhLPTq/oB2ArR3q1PoU5/18eLhV426GhYNYo2EFTRp4=":{"valueMac":{"type":"Buffer","data":"anYSAZ8zp9uhncdIjcxUnpjk8pjjR2TPj4vI6o/IsiU="}},"zhRQqze+ny9oOkQswnKhAMWK2mCUfRRWVTKxVh+4W+w=":{"valueMac":{"type":"Buffer","data":"hgA9I9sxH5tEF90LtKjnZL5Yf4f9ya/8ph8kuXvIgzI="}},"ztcSJFK7HCkNRR8k8UIsC0udhLfBoUR4XExLThI8REQ=":{"valueMac":{"type":"Buffer","data":"w4rujYiX+IpwrArWdf5dHp79WqwBtKl+MrE+n632eFw="}},"z0oEckrC4h9u1V4MhcD+plB4JKAxpDj8ogw927Lfk7c=":{"valueMac":{"type":"Buffer","data":"otf1R48k56HZMnRxxLlOkmPSJK+/5SZ0J8MssHnj2Fk="}},"z6ZQW7opPV4x8qR7J8Uaq35F+78CxXueUpLYcEjamPI=":{"valueMac":{"type":"Buffer","data":"vWr6k/E3JUly+v49JajBDpxzR0p/OvxmlAksBwpyUhs="}},"0B9OzREARRS/MaivfZ0wvkhn42fkpBzxdVCDpTmBO9Q=":{"valueMac":{"type":"Buffer","data":"3WoQKzD0jHRe9p3vT2FYmxjP2x14V+CQAt0qcgJXgRc="}},"0I7eaJb9oQe/RX5DqfIOcHlQvgf7jaeB540JKsyOKSQ=":{"valueMac":{"type":"Buffer","data":"/7DaO5mqh0w7PMszTZchE9txeXNQt9ppPRrKmrm8fUQ="}},"0MzvFIcNfWDZZ92IboKYG44z6Z+8JIBemJKE4qRgu9M=":{"valueMac":{"type":"Buffer","data":"CTkwPLr7wM0VhHLYnWFMo6fDmImicA89W9DLhprD1h4="}},"0Q44SEdgu/OWcnnjF0rdHQjXwo7dhNZMN5hf/YJLdl0=":{"valueMac":{"type":"Buffer","data":"Yd/Rpd4nsCVnxCJUkQTqlobznHvG1iP4/g7uNyBI+Wg="}},"0pMReYrAcrZ+REWxzb4FLjZWtfadGWu+t1GTFw1UGfw=":{"valueMac":{"type":"Buffer","data":"VpSbzixFRi7itDfW6nceAcQa+nZkgONGGdBU6051dOo="}},"0qeWq7oNRl0I9M0KWFaI46WMC8sHgojTDcU58QmWjVk=":{"valueMac":{"type":"Buffer","data":"+hCBQl+Hyx0DN5eGAkOC/WnmuDJchBrF5G22rf6+APo="}},"0/gfrdQpJ2FLFV+DKg4n7ciihj0Q08SkD5vdFNkeH9w=":{"valueMac":{"type":"Buffer","data":"qhwa8up6osweXweDlGfRNGp3v6i5cG+E9gDLUoKjJi8="}},"1M6O38gwZCy2YKaRFZTn9v7vmONqYsVeuhFfMyO0Was=":{"valueMac":{"type":"Buffer","data":"D7IObj7rO3gkrB6bBN4umbChhntn3E1r7b4UABtZMyo="}},"1bUjhx/Sb+1Xpe+2bQ1m1X4zGggJrpVEXSfIgnMVDAM=":{"valueMac":{"type":"Buffer","data":"PH4mbhafyCTM1TyT1aaQ1KRQuJxcK4jL8Csq6akzBrc="}},"1jV4E3p1g+ESsBE39wNErFug30GXkE8LiWe1JpwxVaE=":{"valueMac":{"type":"Buffer","data":"X+W1dqtMYiAOGnFQrRFJwE5QGL1CgbDnvFKLDbWbJB8="}},"1kYv53zq5y3faZcqYGo7hfvt+eYvz99ZN/GAqoL5tBs=":{"valueMac":{"type":"Buffer","data":"0B5p5jotia72UyUXXCK59kWgeFrLeCG2b2onIKG3auo="}},"1/xmv4cUnZioAV9hxYNzrHwrEwGl36lvqqad1ZUFW/w=":{"valueMac":{"type":"Buffer","data":"RJyB3Qulq6yxxRkqHlhIk1pk/Pf9uf9c/YZziUsDxok="}},"2V7MNdyHtIJEAIGTOHyYMcG+roonMjYnGIh0ncqH+zA=":{"valueMac":{"type":"Buffer","data":"byVNp2FAYPD5WCdFcWF0jFyieOHPKYXtctGvuy4Q6Lw="}},"2drzcQA3qB+gNxU9k4I8UFEiorDT/y8kuYcwSaRsyHs=":{"valueMac":{"type":"Buffer","data":"mvpUrdeBmNI63YcG+kvR19upORouUROW3t+X2kcxM34="}},"220iw9tmFRVsAcf9e8/a9HCLU76WN/fRnfAhwUupfmM=":{"valueMac":{"type":"Buffer","data":"PJSp6ZNs2tV/VA6qD+12ke8SoetRs1wO3h8LG38Ngsk="}},"23tzrkCW8/uOG76jr2IeykG7FbsLO4g7EQ/1fISTNjs=":{"valueMac":{"type":"Buffer","data":"GXzo7MJmO4/+JyHEg/1LQQDwp9C/yOCwc49hkWFe/wo="}},"3RWiWET++8lgDHcsBQ1n0H7QNuuA8qHrOVPccaxGa+k=":{"valueMac":{"type":"Buffer","data":"SFcGlK//7j7on+LDfdF6iqgJTPdswVKvSeGdoxamXao="}},"3oAUhm+mkRsvdftqcNkJ9OWsN/2ZTFS79R8EXkH8lVQ=":{"valueMac":{"type":"Buffer","data":"fStrLntyeaEsIXne0VsbUheieGPwabaZEQVBhxeWyUw="}},"3wu34zB/xPxgNXyukVd5qvSXTYC2cyCHRS551Jaw03g=":{"valueMac":{"type":"Buffer","data":"SmYw+JS6zncBRb6854FUmVBbqk/VOF3Vp2/6PMj5QdQ="}},"3zzwYgfP1gi6lrHGyEV206MbbDM7Fu9xtBRLwCZiWzY=":{"valueMac":{"type":"Buffer","data":"Z5pcMsD4wasRE0KDAG3mbaNyqDRrUHOuOCIdGANfQCo="}},"34bSrT1iIK+59Pfz8gWhioS3b7VDsZv08fMoIZZnaBQ=":{"valueMac":{"type":"Buffer","data":"LWUTCMxVLTNcxfWrJk8Fw8/azG4+iLeNZQ222/b3lOY="}},"35lsuFt51Qss9yo09NH9xY2aJEotvLPXlkSvE1kbxlQ=":{"valueMac":{"type":"Buffer","data":"MU3HGNOCWc5MiP2lX8/Kdp2qgt85GAH1erhzmCALcJ4="}},"4FqayfM70sB/pyD5AqY+hUO/dpKNVdJPr63r1xDWpe8=":{"valueMac":{"type":"Buffer","data":"/aI4Pj6C/k9Ec59lcD0Q+PqUBBflbOjnUnVNyLHp8Ko="}},"4J+oLT7p8AMBdLhPXQ+XP/zPlWSHI73yOTOlUuQLm6k=":{"valueMac":{"type":"Buffer","data":"XdmOgv+7fPPCqP2yrfuFllnIVlXWxKyy7100UwcqKzk="}},"4M7B/1JT7iihMxJ+gIYnwaGuMuFoIRZD5hlqtzgVTKs=":{"valueMac":{"type":"Buffer","data":"tBjMRTTTH+Nj3rfRSNt+5xcE7cS1K0kpN1ZBupskEHM="}},"4Ue2Jn3f7ShIV7CaE4kL45SEli0Oi0I9xeweiVnosz8=":{"valueMac":{"type":"Buffer","data":"L2fz3r22ifVDXmWQV6imtJlBBvu54fwO1j3rnyuH0Yo="}},"4eNeWZ3j5ItcZGYfVJKGMgVqDYwXvBBVQsDQkj5BlUs=":{"valueMac":{"type":"Buffer","data":"hz0EmDvVBogMH8Vp3uFzcjzSV2MHG6FGdT0buI3OfdI="}},"4fBr0t/gMJFu6i6VZDPqB/O8zeKuQ59eArNj7ZV0ZEM=":{"valueMac":{"type":"Buffer","data":"7mmI+M8e6WvQrFU7XZCq6HiT6cEIqAJHhZaJZ9yMwN0="}},"4fop9BFurNf4vQhNPqA7h+Z0HoJiDvVBg07UzCfUAlM=":{"valueMac":{"type":"Buffer","data":"uOg2Ftekg1sEYNLyzdNJ5YxjqumVX3VV6Fr8VZQJRBI="}},"4kFTENVNDGlQNqDpVBA/dlMYGbu1rv4NHbrfAETJOKE=":{"valueMac":{"type":"Buffer","data":"DwnHTgCA0dFVTuIsnc18AtdBEny6wd1AsIGGjSwAbP4="}},"4oyPGTWu3d+FkjpUM5wN2O7dT5wTeHLRArTGBK0N24Y=":{"valueMac":{"type":"Buffer","data":"bj0RVWC/ecd52mvF9TuCzipmTndQd8/3qLSjU3D/I2Y="}},"4tac+wBiXnGHTn5u+06HZAj2c7+1jMfQhflhc3kt/l8=":{"valueMac":{"type":"Buffer","data":"3XKBd+sAM+eNe/9Jc1Y90h27REk3CPPefF4H1bDGAWE="}},"4trqIv4/Z8uvr9yL1baX2bOZDfj/I2LXTAAy2qhnmt8=":{"valueMac":{"type":"Buffer","data":"ZlTSOges7F3OT7WqcpVSrTa0/Nnf7iBIsMoom+bJtto="}},"5HODoVk4yVKg37T9Ra1Cdj3Xc9uXuSuGExaeRBiPnzo=":{"valueMac":{"type":"Buffer","data":"IB5bbsO8b5kqv6z7GDLhBSyh9a8zoBy1ZWRh8JzFqZ8="}},"5NgIt6ft+3Z9OVTOqWqV6szOiB5Dmq1BTKTaTpbssQE=":{"valueMac":{"type":"Buffer","data":"SWCpxQo6ffQRtideSvSKCOQA/cs4XqN2C6IcZC05vzU="}},"5O4Tx0n8ZIYtjjuA7dbPLRN4Enk4/6wP3JAeSKtd+KU=":{"valueMac":{"type":"Buffer","data":"oo5Pl8+QXUfC5iNiTRzVXXBnPKzkqwF/AuYEcmFy9OE="}},"5ezCSbSPy8Rtrh/qd0tCwoNxmdH/99MN6wTweTc/p8k=":{"valueMac":{"type":"Buffer","data":"ipD3BKISl/CXIbcvpPaoHj8dyla+PQZYajXlNIHxbB8="}},"5iTb5+rZYU5xh5EF9/ZKy3ybZgPIImsAjGaCR43HIHQ=":{"valueMac":{"type":"Buffer","data":"RDla2/VimXzfpxzh4yjYkWt6xDQ5f72oWu1EYxlnTfo="}},"524ulCZXbXHc42ylySrlolxv2K22zZWSZ7mOF0LS5Hk=":{"valueMac":{"type":"Buffer","data":"cbh9AXwzVO1sClxqBR0isDrXJWd8WEc9m+Occ3ERTck="}},"54EeRQaVEiquJJjc5qNKAqd3FUkBT9nOSasVdgQHBYg=":{"valueMac":{"type":"Buffer","data":"KXvqcH03q2Ijqqv9nWH1R5g9mg2vydoxnXhRqjGFkYw="}},"5+pVkomib3Dp4SQKlJzzg3D/R+VdQtI/pSGyL/NmZ/w=":{"valueMac":{"type":"Buffer","data":"WHV8VeCsHTJ4VuQVFw6sD4R7Jx0f4TZI+KHWPVyiGsg="}},"6BEaYGX/5LBgcF6kBDbMgsIFBAuvHtj2BB+hjHUOybQ=":{"valueMac":{"type":"Buffer","data":"7mf3FKn/I1BuWfYRspkyrHmiHvYVY/A/6nQWGtpAAj8="}},"6NlUeCbEQ2WM4GCnKCrRGFt2s5ETr6Gxn5AW51lEuFs=":{"valueMac":{"type":"Buffer","data":"oB0cbLj21NO7gVB67GYBllZe9ekJlGU0Bkhf5XFeZyI="}},"6T8eU2v9chx41tJUtO5bugQcYQyJ3zI+A9JuSJN99Iw=":{"valueMac":{"type":"Buffer","data":"GBpje0S34gcKl+ukfxiLuMzldyO3+r3WIzMdwSyqeCA="}},"6ZY6e1ymn8XikjtB88zXgHqT0nhuoEN2l+1boB3M1X0=":{"valueMac":{"type":"Buffer","data":"42hfK1PNXBN5pJsmv/+5yiisA/KZ/9LfqEUmAkXOw7Y="}},"66s72OiEpoyneZWhGaXlawgLm7InZm7sXkmj5lu7NlA=":{"valueMac":{"type":"Buffer","data":"D9atUw10yEiCqbORbSzm+H58lvaeRCluwTfH842VaKU="}},"68ofoFO4yvlI6TyqKpAhll7NHZfdou9uNYyFVk9Snys=":{"valueMac":{"type":"Buffer","data":"G2Pr2AlevdTW1D+Mla/CcgKTZ/zjrWTjfaRGgJSrjOM="}},"6/LYZY68PqQF/v3oAwjElydOvcRN+vfNm27f7OVj6wo=":{"valueMac":{"type":"Buffer","data":"gR11dOjFei3Xq1SdgG6u5b3RIqvk9pyxOczNhNS2Qck="}},"7FJNpJCpZwTynWgNeTEpYwVRgGjdeAcJCx6xAKNiSdo=":{"valueMac":{"type":"Buffer","data":"AHD2mt7xwcwLGf1D6yT5IoKVTzgcesJ4tu/ni9v2tGw="}},"7OXrpfgKCm+pGaMuq8U9kPrr1HlRQcW49qKR9QdQs1k=":{"valueMac":{"type":"Buffer","data":"KEPqkPAHo7VgLKzwubR6c8CMoOLLvfqP9hREJQq1D4g="}},"7TCpSC8fP8pLXF9BLaOR1mYv4gv7YaoXF8vQ8xiESG0=":{"valueMac":{"type":"Buffer","data":"j32/411PLprZBU/RhTXbJ5vqF/gvj8/a5WM/BUHSBQE="}},"7fzmJyIniJpwnLFvUNKQi7bIoc/7cEFm0bCxsyam5ZM=":{"valueMac":{"type":"Buffer","data":"S+x6RRcmXWcdCvQrYbD62oDGwMBRym4/pyYnOvwp56A="}},"7hHzSmuidSo5USnjC4cFntV0jz787ny+yWHOuhjJB+8=":{"valueMac":{"type":"Buffer","data":"82HtI4qSOBf7ZD7G45lUKG7s15ws6a7xTf7fxjqBM54="}},"7k5YWlursTyhCT2/XUWEP8/JGOdZSPB/KqO7OlvEMd4=":{"valueMac":{"type":"Buffer","data":"GK7OsnxkgOt1XYcwDv3LZb6QWeotFbuscQ+6ISLVLiw="}},"7tx+N3CDITf1adBrtFSb+rdLEJY0yvYxUVYfspnKQuc=":{"valueMac":{"type":"Buffer","data":"tx7sDx6rwafZ6yHy/OyAzRcczXQi9engRD4z7brVfq0="}},"8X9gQ4NVmn1FJxbOeGJA28C1C45wbL3rkQQxA5mvt68=":{"valueMac":{"type":"Buffer","data":"0RuDTxcVNYxo3rjjyzE2i64XsNn9ayPoZKet+pO7hgg="}},"8sq0MJvf3VAHtHnrKG/g/ZaS6Aco0QBbuVsz7cl7jIc=":{"valueMac":{"type":"Buffer","data":"9jxMNapDLE/yVcVZI4vUl8iNEGe6miynJ5bKKpDmYso="}},"8wjwtmkJNJG1++A9WnIiu4HZB2WuV7X3BThkcMyA9Mo=":{"valueMac":{"type":"Buffer","data":"AkmQGhivv0aiWAzZAhojDpDIeA44IsSj/CpnbSMIaYc="}},"89FV2LodU+zYSk4gPGFvALDj/HnAB9MbgKcT4f7Z5sM=":{"valueMac":{"type":"Buffer","data":"p+aoaunXSXcisp8Dzyegf+WfBFHMggw2rG3W0FzxfgI="}},"89RnhCOBL0dTpjtj4ZCTA683aaG02LTqPTmETfUUnb4=":{"valueMac":{"type":"Buffer","data":"vogvtjNCUaYA6BrYJNBBDJkYFBAD9IUZzhHnPX+Y2VE="}},"9DGGKO+c8kH/iXnaX9DIhnIELBWgO/BJAF7YA8wddIg=":{"valueMac":{"type":"Buffer","data":"l3Tuzwxf6e7Ce8EN8uty9CHC8jJuxXGvKtCCIKA+dV4="}},"9DKygabStihHSsiZ+98x/tknn/4diZRxcfoKSM+eFlw=":{"valueMac":{"type":"Buffer","data":"sN06EYmksSsRVu9Sixn+LbzSUllM2CVB7z0fy9EvSVc="}},"9Hag9eCQ/XMDW+NORD/zddRCi6pBoC28grlJcCY/DF4=":{"valueMac":{"type":"Buffer","data":"Q479EjYjM9uSzZUjJmH/7yBq0e+pJGFFqx0f1IzrtcA="}},"9X+A1ZaJC3pZl3ll6gK/uccXUXR3y/Hoo1227w+QGl8=":{"valueMac":{"type":"Buffer","data":"/OXPDxVcEkQ9lmw6OgEUHf6Hthc7WgQ5rq2N/LlUsjs="}},"9X+f2R9EX6BCiTrrPll8ZS5xOZeRhNNXN4iHbRnr2Cw=":{"valueMac":{"type":"Buffer","data":"YyqG5ya0htacM8nO586/yaQb+JvwFMsECbhQnpg9hzI="}},"9anFzTpUwld/PXHckxk67j/ooYXSmAqxdJN/5668Poo=":{"valueMac":{"type":"Buffer","data":"9TEitGZs+kP6TEPW4gqsLFiWmK6/a2hLFRzIWhotMjY="}},"9wh6u8VwUziOMHTJAiVLjY9DvCT8smZCb8kUMjktkTY=":{"valueMac":{"type":"Buffer","data":"gKzdPaNR9aA93tmrqZCnVllMe5JtW1YB3OZrY8xkDA0="}},"+Am+Nqdo2JIVlOsG/DHEtL4O03PJvNgVmKXV0q6S9gc=":{"valueMac":{"type":"Buffer","data":"eor3dNKav2iLZXJpvIBAhAD3ViHERWXEWmMshOIdpkE="}},"+SEYzb2c0tOlrjvl41C7ClAV1xm5LkS37P+P1OofaSQ=":{"valueMac":{"type":"Buffer","data":"lT/b7QBp9qbxVjGGhHjIoRHxQ8GLzqeCOqb6chGY+gY="}},"+V/kHuYrvApAkhcaRxAOON/7XyFS6kC458Z6L4N2bfA=":{"valueMac":{"type":"Buffer","data":"nnb+FmWM9VKXLinhWUgxVCCuklmdVYJufvIK/bZSIqc="}},"+n0fAeLhblkBx4wlZyifnK1k3UnQv4i1qMLbpqMrzKg=":{"valueMac":{"type":"Buffer","data":"kEd1cp3FGAuUeKz8fhpoNN5fZMfvxJ6PV4D/M+wBzcM="}},"+28NU1l0lsQv8UF8fASuUA9vY0Uf+bTdwpxuwNy99Hk=":{"valueMac":{"type":"Buffer","data":"BfuPra30thGs/qo2/cJkG0lPwU04qlEuHUyU3H+GKmo="}},"/E7GPpKVTfzyWgrLEEA7wz6GrchxWzc5j0Mlt/Lyunc=":{"valueMac":{"type":"Buffer","data":"xOChUDgY5yLTHmmItgGFsIfPcIIjP+XZ/uWeXwv4zuc="}},"/dzIUE8G5IYj4KNnNUtfgrF7oZ7t3UP2h2NdTuWdXJc=":{"valueMac":{"type":"Buffer","data":"zoYSGI/J6rNJ+WjiO8u1zExB5ku4XEUbtk4NHfi5c5w="}},"/d2gd0lLZkFe+eQE89gTKj9YNRSDwfrKuI1eHNQ8Cn8=":{"valueMac":{"type":"Buffer","data":"V4TGY/UrDwSiL6/4lrO5PEVTZ1myHeEnCtj3PYt5KtM="}},"/e80W/ND1JujRltL6RVYY00TwPlFJIwny6X6MOkKbcw=":{"valueMac":{"type":"Buffer","data":"fZsuLudcwmypDycwHlc6Ija/5wZuxo7YZ14MlEJHKW8="}},"/hd/TNPvzoKy8QrytLf/FLW08HzuPOIPVv7DJ2ENWvw=":{"valueMac":{"type":"Buffer","data":"c6rfu0etry8IPn2kBO7frv82rGy2GApb38VWHMO0fnA="}},"/5XKeZlD4JiWjaclwBl8dk5Om61Miakk0QfRhGGn/iA=":{"valueMac":{"type":"Buffer","data":"8KULrUwoJwH4EwzjZLhfXLRp+7YdOktvoisr0GTB3Jo="}}}}