{"version":1,"hash":{"type":"Buffer","data":"foh2fA5BP/ND4LUpRtCcxil0NGO0mRHcPcAzbJt1Z3lyplBr6bdanrnd9FjdoprjMNClI3dcIlopb3+kvItQVwoqDpwA9WH2TKnVy/AC2WnvlnmnfkbnSuzO1IafjtzpylsMxblesLy3WP2cKf0gMIfPTgrFk26J3285zViG8WE="},"indexValueMap":{"IngKMuxYvqxA3rSCChFsN34AQalWc/j/CaLAN+PUyuM=":{"valueMac":{"type":"Buffer","data":"lJ+e5ZxvFhpMYRkXi9jLheNFSawuk1PIxRYSOgOc470="}},"NYtssEh+EmiyVEEN895P/lXg+QM3yB2BDe0BwtkGtbs=":{"valueMac":{"type":"Buffer","data":"lxFMsaqSNq6Vh6aXYdqHmXqt/bzGX9z0hvK+C95fL+o="}},"Npy6VezV5FRCzCaeVT0NWs7S3xrGhrdIWnPiIMEFRyw=":{"valueMac":{"type":"Buffer","data":"5CiYuKnxH1bFUe+vddqJavTdSOVMwHLZAHv64oOWo+k="}},"On9knlW/LVsQyx/KO6x3cdOwdzzvlYYDd6KJ8YCVx5U=":{"valueMac":{"type":"Buffer","data":"dKdFQw6KkwX1a3v6gcO3t/m01Y7NnCokHD9qcIKPfGI="}},"P8qtmgA2OSVnrpGv3xuR/3FRz08YHQrO63xtL+o/MNo=":{"valueMac":{"type":"Buffer","data":"LzKeM21r5AnbG79gYXGzlsPOMrSKRMD1v3u/JYVQTGw="}},"QwR7GS1XybiagXjVsZSCaycrbFMiE0OUzbJCIjzVo60=":{"valueMac":{"type":"Buffer","data":"sLPOxco7drq38iUrTGkxEvBGaQfyf0mKQQ+YBZBSUNM="}},"YCp3gcX7TUMIDbARwcB9ucDAi7b8WMF9wUUKTPs62nc=":{"valueMac":{"type":"Buffer","data":"6U38AIZIfcFUQ6uxQJ3lysx3Izw/u6m/x00yxQ/VubA="}},"ctJ2Cqb99HwmgyDNRsRbfhDgRHEmZ+CUqc01s6uwbcY=":{"valueMac":{"type":"Buffer","data":"lxrspoRlbFCE6yHlWAN3TBM/wq9TRVoBhUNgVfWPYSs="}},"e9IUtYafVdncvuxVjTzh3PE45LNYi7QZmugII9E/OfY=":{"valueMac":{"type":"Buffer","data":"jtP7VdwkxaLTudLZpaPJbK1mAIDWY9CMLqlx+cE1oi8="}},"kZjVrrs0z82sO8v98ZOSSFb2lzDPga1zgOziQIW807w=":{"valueMac":{"type":"Buffer","data":"yjm7pymQx+fO47OyR5fGgNdi2tqmNmi576PQ4DwbERQ="}},"n/ETX2VGODYYb9IWYnY5LoUyWJjhQlycFA11mFd/UVg=":{"valueMac":{"type":"Buffer","data":"7l9o5nLiODz/5H0peEsibOAaUHZxIoGjbbAwEQKk8Xo="}},"uKWfWoC0Qftnps/HMcJM88nX373T0Zxdu441g2CT4QU=":{"valueMac":{"type":"Buffer","data":"CAFidmjqroUyZ69+W+BG/XOzFXYcwPAVb0HRjd2y4c8="}},"5ym4E648r3qkcZkHLhg1ha1VcHNNoapnCyKFk76daCw=":{"valueMac":{"type":"Buffer","data":"vJrBmZJm+x0z6Ui7I0rRtk9CD71Mk+bsdmU4Bv5UJS0="}}}}