{"version":3,"hash":{"type":"Buffer","data":"z9v+V5CnZtxyy5drtc64QdBhUHRhULTzf27iG5vKXf3TPew7mllKwBKrGIXz0JcUt6Sxtme9dkd6TqVHDYGOiUKVQO9CzZMKSVt9cA0cUAk1pBZmXnuDACdN72AyAeW713Ce1aoJs+PHVBlHmASaMPccDZ7tOH/VogkaDeWJLbs="},"indexValueMap":{"AFGe0VUMm38dzczRABJGxckQqq1EQiK0bjLheJIWEqY=":{"valueMac":{"type":"Buffer","data":"9k+dKA7Vj2zLE/BKAAGEURps5ux0VEm+XalwoEwEsXY="}},"BRJ9nkOrKDZOJcB64QK2sKBFXkIjGcoZCwiR8yhFRYA=":{"valueMac":{"type":"Buffer","data":"jeL8S8dJgUFdMS4uUUlPagcDMSVtEBAy5osszMILTWk="}},"B4BDg6B1SvzvgYR3CiHA2xWDBmOQNDQaURkqeyVdzuk=":{"valueMac":{"type":"Buffer","data":"8mtcNO7r0+Q1e8QcfXA7qASlJd/JiPzcYmSwySSRvGo="}},"C+2w4Gt8PXQ4uNAAXJPJe5KkapZxrVeVcm/MDL4p5wY=":{"valueMac":{"type":"Buffer","data":"v9RZIhdblkOVW1ps523KASNVHshFSDvB3yKMJKOb3aA="}},"DzUou2zKjGe1ciHsrUlDMsYELJK+e5euEEOmnHxP8t8=":{"valueMac":{"type":"Buffer","data":"FF5guVXW9JK/964ubHAGGxPFQc2ShhrwBl9Nv2jyFUg="}},"D0ZXgmm6QgfaFM2XTqVl1kxwgJN0cME6JTzm0xzkqnY=":{"valueMac":{"type":"Buffer","data":"zsxVGRsG70LtyLq0IOuUWA3oSp93kDE41gqDfs3iNjk="}},"E2zkd9L7lbxwAzQ5k0g5k+wFBYfXb9bfjAmsvooKYzc=":{"valueMac":{"type":"Buffer","data":"j8lYhwR8ClGhijuKiB18LdXwkbSFBfNBeM0EFJyAKrM="}},"GjJvUCQfDByY5JBSsfFE5V51ASf9GCx5/Pexb/nRlUc=":{"valueMac":{"type":"Buffer","data":"E5Vj6F1te4Lx3u2rIv3IwelQTeSlxvX2WvH9LbMKTG4="}},"Id2dpwwJqKvkeGxzjhIioJDlb4P3att9DQM6+XPdx4Q=":{"valueMac":{"type":"Buffer","data":"Zvs5vnxn0e7zn7gcHL7NhGfP5LVn9zARk9IKEiBU+uE="}},"JswIQbwkMwtD3wZWKsy2Ntb1/oS15giA8uM+dyagBKs=":{"valueMac":{"type":"Buffer","data":"edemZ5/+XzYMwlGEPVpZ32bjkFYrF/HCazhKnzrXj7U="}},"J4/LVNGdqSp8RAlRo6CdFLClsGe71rdganG4IsnUpkY=":{"valueMac":{"type":"Buffer","data":"xyPK62kuRu5B5b2vbuKgp6syVNQVxluql7myfDG4Cxw="}},"LqWsHJWZy4uH4Je6CsnDodo6lumUUovu2av/1eTYV+o=":{"valueMac":{"type":"Buffer","data":"AzUpRzaBBUC0LDJbYZoWuJ4zxm+0l+io2dweXzbcsI0="}},"L6TSEhvtQiOumKTdw17QFVs7r/fd1UYX/JrFaY+U344=":{"valueMac":{"type":"Buffer","data":"2KJtgyoiK8YE1L/aqgOiF+NxUn9HnvuLuUFvcdoTeS0="}},"R8Uax6ArytorxDklKJsKZHW+Nr/oVC+vlzyffowUdcU=":{"valueMac":{"type":"Buffer","data":"atvVfKbgziSzXsqw6nZuQeXD/KfrUovHbGY4+5evjko="}},"Umco5C1onF1rqrG8Mw60LzLX42rHOOpU0dQHCyORIK8=":{"valueMac":{"type":"Buffer","data":"+mTU0KGoxcl1d1BINKvz0GQx96FH3x80NaqDcx97edU="}},"Un/sZJwpOxnli5t3JeHkgIzOWQbucm7vNFOvFs4anKU=":{"valueMac":{"type":"Buffer","data":"7BGlGNWTY48nc2IXVyv/EA9C3vFXHrIiV/i+Xs8xR2A="}},"UyhaqbL0KpR2+u+WwzjiGNvWnhcz/fJQmC1VSKghxc8=":{"valueMac":{"type":"Buffer","data":"McvNCYaX3a3U6FRjHQqcUi405TgaquDjTsrxMrQBgW0="}},"Vh6rlD+KogfFUapXqfqxHctd/56XFeolP+JNDL/kOJU=":{"valueMac":{"type":"Buffer","data":"Zszghgq/NA1YUN2/YKSrm4+UUIOJo3f8hTDPiOwHeY4="}},"W0zPqvR4mVhe4qGfelHPwtklXjd0gJtm3EYTdk2rIjc=":{"valueMac":{"type":"Buffer","data":"QMjxcjPxkVe9kwOCqJKYDFVA2tmENpFhAGJ3Px7RulM="}},"W2BIQgKlMJFJJT492E3u/tKOhdBHybyl6wXXMVUK0ho=":{"valueMac":{"type":"Buffer","data":"yvKunED4GxL759AvUSt4BZm/LDqpfnZG2hVwDaR004Q="}},"XDO7EM92cR8mb5FM7/Lw2njI7ATTrFBZDQrhfUbpyyo=":{"valueMac":{"type":"Buffer","data":"dTCdyR9Ti7Cw79mDjbwQNdSeNAlUi3/VI6ZYXk1L6Rg="}},"YmLiGJsJaAeTiy0KQwHzrPFcPyGmXZ+s+vm5tNpNWbg=":{"valueMac":{"type":"Buffer","data":"bYFYdtlAvXK2QOqJuEBlQGi4xDy9zOTObSLVNlqS+YA="}},"ZyFoJEN73E6tYQY4Tujl1FTeSRanEXUIJQj4Gz6zA18=":{"valueMac":{"type":"Buffer","data":"pKrmi2DvnLjFh9trhHsLC4G1BNIvBJMu6bUQWZfy2cU="}},"cejCQOJKzcxZGb3Fe/7vBgJkTUnNttlMru0JhqXKwR0=":{"valueMac":{"type":"Buffer","data":"kZUVsQrABVCPKu9BTMfUU7tnlAdmYOOdunVXH+P14Yg="}},"etDR6rmdS489pvGb1Vw2jM2HdbGJkO1Nz4cWEdoFZCQ=":{"valueMac":{"type":"Buffer","data":"PtVZHtAabBc5PEqCIpfJl8Tl6J8jaxUBabBJiNClPT8="}},"fIg82oPjbJxw0oW618lTYCj7kQn8+/4dxsphpts68gQ=":{"valueMac":{"type":"Buffer","data":"tGZw7mLrG4RJ7rG6jaIq88rLk0Hf6CDtqPqqfsUzfck="}},"fdGm2ts+M+1vnx2RG4VHbhBYRCYjOEx6o3PUV5CNSU4=":{"valueMac":{"type":"Buffer","data":"LoDBS/z7JbeXqqFRVxa2dx+60HzO+zfcfVCn1okry+8="}},"fp7PfaRXiYvZpGgQ/0ayDxMH+zaRwzP4iosD0Qpe9YY=":{"valueMac":{"type":"Buffer","data":"Keool9MxEbVp36R2azK6I63dz9FkhCIMPmDmnXq3ns4="}},"iFksMxdfsi0Ne1InY18KjFw7+Smkdm24FwMHTMMNFw8=":{"valueMac":{"type":"Buffer","data":"U1PaCoE4XtOQ6rFCPv4Fr7qIYPHiwugCvDvTA4RtvmE="}},"iNRFgEDzyCtpS2tlFUPKlLzKvTpyE+8dFB7HlTlw5vA=":{"valueMac":{"type":"Buffer","data":"0mhlthpryvaR9Q2ddAACF5Xcb00nTcgyEfBqpasY/T8="}},"ifRFkN5+1YtwoYgEhNgShcV2Z5kr84ocCvaSo5RAPnk=":{"valueMac":{"type":"Buffer","data":"kxOLFwsOCgvSBcKV0YelxZcL94PTKMkbudQFy4Kqe14="}},"kBNofXoyl51KlrKCL7hxDLzsGIn05fK8O9W1S1jJVZc=":{"valueMac":{"type":"Buffer","data":"X2FAY0uFy59BuFsz/2M9sbwoPB+tMKGyY7QrOSDGAJs="}},"lsYe5IAgusV/6GMgsjJUE2MWlgbxETYm9ncQ9NTfHZk=":{"valueMac":{"type":"Buffer","data":"LxAIroyvlf/qZK00u8w96VulUjEkH+oxiGRzPgezsW4="}},"l7706OUNYCcyskhKXW39Vg6Z7nnnBq+wBeCVOvj7xZA=":{"valueMac":{"type":"Buffer","data":"t/cmvcROwelsOrV6gDCoafDgJqHWA14yOw5Qf8IB4Po="}},"me15HbkNtU6AMEtsMf57VJqlZz/qDBNjBg7c2OChzuQ=":{"valueMac":{"type":"Buffer","data":"t1+Us4uV8EHj3UJavYgXaJy2MTJ5cfPiEcM9s6YEdZY="}},"oMmrtIWSX3aHaChos++T8PQdI5EANedTVY3/mtN6nb8=":{"valueMac":{"type":"Buffer","data":"Apixa4B1dcrwBt+wEYLCwPKhCWTrUjLfayBxzvIgDCE="}},"pd8oUKsIGqPkElC2jp8eFTtUOFZyYuPG+4GKOPY4xzA=":{"valueMac":{"type":"Buffer","data":"xv7Rv3z9hRD9RBj/vtd+Ay/7DORhOYmF0eSakHQKjAs="}},"rTbAyAUt1GKNO0UhULi6p6boAd7LoSrM4jGdjEE3cDQ=":{"valueMac":{"type":"Buffer","data":"7gWvp8QLDYRUuIyr3Koz2xH/XID2O1DRJhd6TNgMH7A="}},"vUzS84OZUu8lYErbuE1L5AOSYZoamN8TAL3w58ZOvok=":{"valueMac":{"type":"Buffer","data":"YUNlK1/AK3gIs7FCrgoysFNIO/UgQBVEfOt9CjfxS5c="}},"xJrmGgm6/7SrFeFw3DGnwEhw3r18vVHwUwXGmDJL7Wg=":{"valueMac":{"type":"Buffer","data":"gBswwNlmUplXMLp4mqlCRxkB320rL1N4Ctijzncazk0="}},"yNOsZFk5nYHZuKLhdvjcNFYOLLGO0zItEFw2piz135g=":{"valueMac":{"type":"Buffer","data":"n+ZRbvBs1c90scm2jNjOBNcaJ4gx9vv9DTW0x9O1RVo="}},"0vB9vhFCLqhcutvk4Jb3FvLUsTxR3GsCvCRNNJ/Zn1Y=":{"valueMac":{"type":"Buffer","data":"2QpxjUb29LNgOEW+5lpVwI9gaNTqjFad22U6kFPzrNo="}},"0xHxAVOvDAEQx47l/bq5F7q3AK/ryUro33T0xPtjkdQ=":{"valueMac":{"type":"Buffer","data":"BzAiCkDY2sQlxojm0QYRc+wM/THvtQaVIaMXBB3Kg4w="}},"1CyJDYG6he4JazOjbgmaxIAV0bOfNpdR/KtvoP3KDKo=":{"valueMac":{"type":"Buffer","data":"hpwN6+Vq6GMuw6NP5saU/koBTKJchkW3xpF+IVu68c4="}},"11ubVTzhySTsCuRWdHMia8Dr4cQRDDtk3QIMzjSGmLM=":{"valueMac":{"type":"Buffer","data":"gWQDF0sbr2eRXCkON5ab4BRn9B+JceuppM4YtI/j1xE="}},"3+/UqfbnRPQDQMA+aOiEE3gMkmfO678Pjigt+eMRMZI=":{"valueMac":{"type":"Buffer","data":"/hMeIkbVOZDY4hHnrwZAeuumfBFfciWVFgvfsNOJywQ="}},"6h36G2LgC6gkYtadWjsuDoB2HXyK1Q7c96UgZmqNQEE=":{"valueMac":{"type":"Buffer","data":"d/rwGBFIiJcMSalIf9fGetiNtCJ+z2/JgS6xGXE/3MA="}},"7wcvDiKkLS4yE+dKqUMeph8vx7oX034XS0WMUOrFE3U=":{"valueMac":{"type":"Buffer","data":"1nydIXklaELJwXFalM3QQoUJF8mBZNNfj2NpIKptclk="}},"77VVbpTg1tNdnYrWh6KBTCd6wtxJILDhUGLIK+XEtMM=":{"valueMac":{"type":"Buffer","data":"7MKT27doEFkZSnU+huUBY2Wgd29zwykGdmpV+BsXkhw="}},"/8MICKoBiP4OdcItYiQE/W6A/skqHh6ogu/jDpAtEuU=":{"valueMac":{"type":"Buffer","data":"fzmoebO3xX0cVEPAG7iWKROpPHpHaM8ksXt+AchYFgg="}}}}