{"noiseKey":{"private":{"type":"Buffer","data":"YENak1E1Ov/sD+i9HWPfOaJP0Vwi63eLVwQaWfXckHg="},"public":{"type":"Buffer","data":"BqYYPRV6B4tcst3FZmFMXqvOrfdPoKDl1/Kl1ZW+/hs="}},"signedIdentityKey":{"private":{"type":"Buffer","data":"MD9RiPfiRhOEu+rOx/uwnNYbBKabxr12FgperpcIBFM="},"public":{"type":"Buffer","data":"2lqo2k7vo/ywfy02yU9bu1/lAB+E6EO5oG4iAVjmOw8="}},"signedPreKey":{"keyPair":{"private":{"type":"Buffer","data":"SNNv5BZwCeCu+IDut78U0zGzxMxi1r4nJBbh4umZ5Eo="},"public":{"type":"Buffer","data":"vLAWYdf7IMVS8CTJnxp7W5r1XpkABNAw5hbroU4gUnI="}},"signature":{"type":"Buffer","data":"YEIfZLlD8PQpBJqDa5u8HN7l8HiJu5HuaqKlbuXcM75rsFBd8nZ/pTZFzzN4dJ1sLZfWYLkGAlUgyyjZvcfPCg=="},"keyId":1},"registrationId":81,"advSecretKey":"/WdlWuVcIv2wNkExazQh5styV0ETfUsZSidMK37FMDk=","processedHistoryMessages":[{"key":{"remoteJid":"6285811965685@s.whatsapp.net","fromMe":true,"id":"787C3DE90D2AD20E5AA1CBAE28BECBF1"},"messageTimestamp":1688114852},{"key":{"remoteJid":"6285811965685@s.whatsapp.net","fromMe":true,"id":"363A35A202AA7400EC1F7E87D3B73146"},"messageTimestamp":1688114854},{"key":{"remoteJid":"6285811965685@s.whatsapp.net","fromMe":true,"id":"D98A1B9F3540E00764C8E646D026E469"},"messageTimestamp":1688114859},{"key":{"remoteJid":"6285811965685@s.whatsapp.net","fromMe":true,"id":"0C6E96CFF840E089B36C1D69E9013EAD"},"messageTimestamp":1688114864}],"nextPreKeyId":31,"firstUnuploadedPreKeyId":31,"accountSyncCounter":1,"accountSettings":{"unarchiveChats":false},"deviceId":"ZXSoPCxpROS5sDGAVGP7jw","phoneId":"0de2d0d0-ccee-476a-b4fc-304ae49157e9","identityId":{"type":"Buffer","data":"BTasRa3VQzv6jtBxt0pn7eb6gac="},"registered":false,"backupToken":{"type":"Buffer","data":"+bIwIOfai8HIhTl61M7rAINbMG4="},"registration":{},"account":{"details":"CPbg7PUFEJ+t+qQGGAI=","accountSignatureKey":"IiSSp+poZydDx0hNABf6KZMoO1JZwWYaYqPIDFKFGDM=","accountSignature":"Sm08mVg01QHhFsicbPL9wnSCL3ZSAYSAegGGUBC8xJUiDtaJ8ohzT+1AJEp5sy+0VkgMrK0FPI8uhhCUopJZAg==","deviceSignature":"Ehx9ZeqrMtkorehdczRhJWUDEdNUgjXBgYno40VwK2VAlUgzIp2KVRX4S6K0cK9TEW1/4SL5DPYDiI58A+cUDA=="},"me":{"id":"6285811965685:20@s.whatsapp.net","name":"Hmm"},"signalIdentities":[{"identifier":{"name":"6285811965685:20@s.whatsapp.net","deviceId":0},"identifierKey":{"type":"Buffer","data":"BSIkkqfqaGcnQ8dITQAX+imTKDtSWcFmGmKjyAxShRgz"}}],"platform":"android","lastAccountSyncTimestamp":1688114850,"myAppStateKeyId":"AAAAAH6M"}