{"_sessions":{"Ba8byqTF7kS4s9siR8/eghMPjdNM4pOeKpYYWtTSx354":{"registrationId":1365097587,"currentRatchet":{"ephemeralKeyPair":{"pubKey":"BQXOUC7pNRiU9gdrTvlHaqW6WCWnOnMa3W2B0HObkLNA","privKey":"4OW4PjUrtORYeQdsd5sJCWlItq1SNft+76hksbnz40k="},"lastRemoteEphemeralKey":"BUIj8qLQJwU3g7N+JjTbZ7Gcs9p+eQye5NdAi9pDuMVq","previousCounter":0,"rootKey":"0ReoryKh3ppMVjw/LK/sUVaWdryyuK5juaLkWaVEL8w="},"indexInfo":{"baseKey":"Ba8byqTF7kS4s9siR8/eghMPjdNM4pOeKpYYWtTSx354","baseKeyType":1,"closed":-1,"used":1688114851779,"created":1688114851779,"remoteIdentityKey":"BdQaXvEoffmORn0boybCm+XlNoGX+2jZW2Q+1MW13fgx"},"_chains":{"BQXOUC7pNRiU9gdrTvlHaqW6WCWnOnMa3W2B0HObkLNA":{"chainKey":{"counter":0,"key":"gweWFIlfBp1Y9jixB1Rf7QwBo0t2vZHPVL8Eub2VhBA="},"chainType":1,"messageKeys":{}}},"pendingPreKey":{"signedKeyId":14,"baseKey":"Ba8byqTF7kS4s9siR8/eghMPjdNM4pOeKpYYWtTSx354","preKeyId":15878536}}},"version":"v1"}