{"_sessions":{"BY7rUdFqpTpVHnbjFgINN6/lKIc52KIqdHhsH6jS8KMl":{"registrationId":420045789,"currentRatchet":{"ephemeralKeyPair":{"pubKey":"Bbws4YohXE/v1qeJ+ua8FrPnnsYBHmSjqZWMbOfjbRcj","privKey":"8CnUnHqKxoZvbTncFdKbzwDbW4h2qXvdcPtU60/2O2s="},"lastRemoteEphemeralKey":"BW9B4QuR7Gj14KqipoYZ3M2/yNvTwEHu/SowJ3HNhcYV","previousCounter":0,"rootKey":"q+4FvPZtBgy9a2hihhl9Kv1LyLjtMtFIOROdm/2WnlM="},"indexInfo":{"baseKey":"BY7rUdFqpTpVHnbjFgINN6/lKIc52KIqdHhsH6jS8KMl","baseKeyType":1,"closed":-1,"used":1688114851777,"created":1688114851777,"remoteIdentityKey":"Bbgk9yfHSYNKeTsxRZUdgccP++iuvRZ8SWYYHx80FmB1"},"_chains":{"Bbws4YohXE/v1qeJ+ua8FrPnnsYBHmSjqZWMbOfjbRcj":{"chainKey":{"counter":0,"key":"6Aiw82rOyTJGf04kajGIKTx2E8Z30d1a1xK1r6QQxoA="},"chainType":1,"messageKeys":{}}},"pendingPreKey":{"signedKeyId":1,"baseKey":"BY7rUdFqpTpVHnbjFgINN6/lKIc52KIqdHhsH6jS8KMl","preKeyId":14867510}}},"version":"v1"}