{"_sessions":{"BcSwVrK2yA7p8rd47hFmf9WhM/bJkWnC3hk+sgL1Ax0j":{"registrationId":326,"currentRatchet":{"ephemeralKeyPair":{"pubKey":"BXuELdnU4r59lGmCqb5u2BcHUlKBcijsiifx8tiEBpkA","privKey":"6EXEEhkgzcmPVm2X//ncvhYl/sp1n4uQm62Soqvh9ng="},"lastRemoteEphemeralKey":"BVNiTMh4XQAxGwJgNwA1i5QhrwKUGhk728BgUIvJ4NFw","previousCounter":0,"rootKey":"d+9FMNYA6I4u0Uanpbzh3lBkljpJdY/cuancle4l8tQ="},"indexInfo":{"baseKey":"BcSwVrK2yA7p8rd47hFmf9WhM/bJkWnC3hk+sgL1Ax0j","baseKeyType":1,"closed":-1,"used":1688114851774,"created":1688114851774,"remoteIdentityKey":"BcJY07vDl/5/9yJdt52sqne8IDoCCSR0LBtdgESJAGA7"},"_chains":{"BXuELdnU4r59lGmCqb5u2BcHUlKBcijsiifx8tiEBpkA":{"chainKey":{"counter":0,"key":"AUsJlg86wUZdIFv74nxSxJEc9Pw8rlCCNn4/a7ZMPHc="},"chainType":1,"messageKeys":{}}},"pendingPreKey":{"signedKeyId":1,"baseKey":"BcSwVrK2yA7p8rd47hFmf9WhM/bJkWnC3hk+sgL1Ax0j"}}},"version":"v1"}