{"_sessions":{"BZ/Qf64XayltuEJ5xmUGbpm60geRcyIyLEAfYMbEEd9T":{"registrationId":123,"currentRatchet":{"ephemeralKeyPair":{"pubKey":"BVldCqH9KQ06mHWAzCjItuzHLXsDAinEGi67X9Ncid0z","privKey":"0HUKAKT6mjuv3VhWojiQsELvt2qnhgvVOnfWPCm+/Gs="},"lastRemoteEphemeralKey":"BX57fjAgatBfTssxLrlL/caXpK5bHk+NWPSqQKM9C+g7","previousCounter":0,"rootKey":"+9GsazAAdy06gECDjsnl1ypo5m5lIbKBtSX+I8uTYhc="},"indexInfo":{"baseKey":"BZ/Qf64XayltuEJ5xmUGbpm60geRcyIyLEAfYMbEEd9T","baseKeyType":1,"closed":-1,"used":1688114851773,"created":1688114851773,"remoteIdentityKey":"BXahRjO7Sf0OfQ5QVjiNiSWDmcWLya/i5R1TFqtkQpoy"},"_chains":{"BVldCqH9KQ06mHWAzCjItuzHLXsDAinEGi67X9Ncid0z":{"chainKey":{"counter":0,"key":"1HdZcML3BFridvTdg5HnH938Rwnln5vnj/eOEEdrgIc="},"chainType":1,"messageKeys":{}}},"pendingPreKey":{"signedKeyId":1,"baseKey":"BZ/Qf64XayltuEJ5xmUGbpm60geRcyIyLEAfYMbEEd9T","preKeyId":55}}},"version":"v1"}