{"_sessions":{"BZAvJWirENDl2DabwGRkq0BCUM9uadTZ/O0ZQ2MyrJBJ":{"registrationId":5063,"currentRatchet":{"ephemeralKeyPair":{"pubKey":"BXkQOafxyQMVnnTsoUU3TeKTD0RarFJzjxlyS9PWEgkv","privKey":"mKt7ye80zHDJXMeN+4aDCRR8g4FwyY5EhU26ecpqSVY="},"lastRemoteEphemeralKey":"BRx8h272XNmJACBVqccV5yn6qyFSRo1Kbs33uopipvgO","previousCounter":0,"rootKey":"FckU9o+JogVZloAk7NZL0Kc3UJHeViItPqwW1QQTUQ8="},"indexInfo":{"baseKey":"BZAvJWirENDl2DabwGRkq0BCUM9uadTZ/O0ZQ2MyrJBJ","baseKeyType":1,"closed":-1,"used":1688114851776,"created":1688114851776,"remoteIdentityKey":"BR2XNudhwtj1ARtnZMdM4oY8DodxD7fKoBVxvkb93ww1"},"_chains":{"BXkQOafxyQMVnnTsoUU3TeKTD0RarFJzjxlyS9PWEgkv":{"chainKey":{"counter":0,"key":"32uib0W/jUSDORKZYsuivWK+13L7ZfbmqLoi659n/k4="},"chainType":1,"messageKeys":{}}},"pendingPreKey":{"signedKeyId":1,"baseKey":"BZAvJWirENDl2DabwGRkq0BCUM9uadTZ/O0ZQ2MyrJBJ","preKeyId":30}}},"version":"v1"}