{"_sessions":{"BWd5te8dbLoVzMiWpF6qoM4sAu5JjNKW7iqmdMmWg9F6":{"registrationId":340497585,"currentRatchet":{"ephemeralKeyPair":{"pubKey":"BSE2Azhy/H3RRipzDGGrJJKpzDRE6Q3MCtJODvYD+5B7","privKey":"UHZYWWXwwSr67TUasQNShb94QEdhqAuadkkh6ryKbEw="},"lastRemoteEphemeralKey":"BaZu/S3j1Nt7OEo63tr8m2JdPHEQGMYWFbxKDSnQGgEm","previousCounter":0,"rootKey":"Tirekcxw+xhe9G+iVpjTtSbM/WHsVaZgDbToZbeDz04="},"indexInfo":{"baseKey":"BWd5te8dbLoVzMiWpF6qoM4sAu5JjNKW7iqmdMmWg9F6","baseKeyType":2,"closed":1688114851781,"used":1688114851082,"created":1688114851082,"remoteIdentityKey":"BSIkkqfqaGcnQ8dITQAX+imTKDtSWcFmGmKjyAxShRgz"},"_chains":{"BaZu/S3j1Nt7OEo63tr8m2JdPHEQGMYWFbxKDSnQGgEm":{"chainKey":{"counter":3,"key":"3cFNN6ZOpSRRiSo7ZQ1C+PF8roQfrBR5d+MCpQPRsB0="},"chainType":2,"messageKeys":{}},"BSE2Azhy/H3RRipzDGGrJJKpzDRE6Q3MCtJODvYD+5B7":{"chainKey":{"counter":-1,"key":"Ffa727r2VA9s7r94e5HD2kq1Y3zVj86LNORcU80XqNI="},"chainType":1,"messageKeys":{}}}},"BYy1EZcGiM6oZaxuYoCb9dv/gLOix6i3auwPRpUWq1hz":{"registrationId":340497585,"currentRatchet":{"ephemeralKeyPair":{"pubKey":"BQpAR4yqsm5DOKslRZAA/G/P08ZTbeYSeN93BqDLiucy","privKey":"cOg5h2ckiOFPwb/PNOVhDO6UCkcWOizcnI88r276YkI="},"lastRemoteEphemeralKey":"BZ2Oi4O1NBqsh+y/OwoMvQ7aMi88IzzTqRTUohcV+DZ/","previousCounter":0,"rootKey":"z/zjPoarXwEhcipyVzRUSUVXIAs4Y2u1genyolclRVE="},"indexInfo":{"baseKey":"BYy1EZcGiM6oZaxuYoCb9dv/gLOix6i3auwPRpUWq1hz","baseKeyType":1,"closed":-1,"used":1688114864889,"created":1688114851780,"remoteIdentityKey":"BSIkkqfqaGcnQ8dITQAX+imTKDtSWcFmGmKjyAxShRgz"},"_chains":{"BZ2Oi4O1NBqsh+y/OwoMvQ7aMi88IzzTqRTUohcV+DZ/":{"chainKey":{"counter":3,"key":"wZiLDckituS2/ZjPxCOnFtiX3KaQvi3Pw/Xr+3tualM="},"chainType":2,"messageKeys":{}},"BQpAR4yqsm5DOKslRZAA/G/P08ZTbeYSeN93BqDLiucy":{"chainKey":{"counter":-1,"key":"yLpD+PZPIQvQoe9VLYrmA2DgGkMBdGCxD0NjP4jxQEQ="},"chainType":1,"messageKeys":{}}}}},"version":"v1"}